,Origin Airport City,Destination Airport City,Weight
0,AGARTALA,AGARTALA,135.29476
1,AGARTALA,AGRA,0.3155199999999998
2,AGARTALA,AHMEDABAD,1.4545599999999996
3,AGARTALA,BANGALORE,58.88232
4,AGARTALA,BARODA,0.24772000000000002
5,AGARTALA,BHUBANESHWAR,0.8983199999999999
6,AGARTALA,CHANDIGARH,3.0316
7,AGARTALA,CHENNAI,1.4911999999999999
8,AGARTALA,COCHIN,0.7620799999999998
9,AGARTALA,COIMBATORE,0.63068
10,AGARTALA,DEHRADUN,3.17392
11,AGARTALA,DELHI,32.35076
12,AGARTALA,DIBRUGARH,10.69272
13,AGARTALA,GUWAHATI,3171.71996
14,AGARTALA,HYDERABAD,11.35684
15,AGARTALA,INDORE,0.15888
16,AGARTALA,JAIPUR,2.80836
17,AGARTALA,KANPUR,0.4884
18,AGARTALA,KOLKATA,86.8494
19,AGARTALA,LUCKNOW,0.92548
20,AGARTALA,MUMBAI,13.738199999999999
21,AGARTALA,NAGPUR,0.3348399999999999
22,AGARTALA,PATNA,0.77484
23,AGARTALA,PUNE,23.09148
24,AGARTALA,RAIPUR,0.8558
25,AGARTALA,RANCHI,1.4352
26,AGARTALA,SILCHAR,110.05408
27,AGARTALA,SILIGURI,3.61328
28,AGARTALA,SURAT,3.1768399999999994
29,AGARTALA,TRICHY,0.2929599999999999
30,AGARTALA,VARANASI,0.18444
31,AGARTALA,VIJAYAWADA,0.28128000000000003
32,AGRA,AGARTALA,6.4496
33,AGRA,AGRA,133139.41919999997
34,AGRA,AHMEDABAD,576.09876
35,AGRA,BANGALORE,1413.13496
36,AGRA,BARODA,76.08596
37,AGRA,BHUBANESHWAR,55.58148
38,AGRA,CHANDIGARH,2687.38836
39,AGRA,CHENNAI,1203.346
40,AGRA,COCHIN,117.60064
41,AGRA,COIMBATORE,106.61504
42,AGRA,DEHRADUN,3662.0667599999997
43,AGRA,DELHI,54510.03808
44,AGRA,DIBRUGARH,22.731879999999997
45,AGRA,GUWAHATI,82.00556
46,AGRA,HYDERABAD,717.70624
47,AGRA,INDORE,3149.35824
48,AGRA,JAIPUR,2426.59296
49,AGRA,KANPUR,11103.76996
50,AGRA,KOLKATA,412.11052
51,AGRA,LUCKNOW,7317.27836
52,AGRA,MUMBAI,1758.47848
53,AGRA,NAGPUR,336.83676
54,AGRA,PATNA,219.9494
55,AGRA,PORT BLAIR,0.6709599999999999
56,AGRA,PUNE,691.3184
57,AGRA,RAIPUR,406.53056
58,AGRA,RANCHI,169.39123999999998
59,AGRA,SILCHAR,2.376
60,AGRA,SILIGURI,41.7972
61,AGRA,SURAT,216.98812
62,AGRA,TRICHY,42.18852
63,AGRA,VARANASI,5149.30604
64,AGRA,VIJAYAWADA,59.7696
65,AHMEDABAD,AGARTALA,412.2414
66,AHMEDABAD,AGRA,765.15928
67,AHMEDABAD,AHMEDABAD,25926.3372
68,AHMEDABAD,BANGALORE,12055.30248
69,AHMEDABAD,BARODA,2955.0752
70,AHMEDABAD,BHUBANESHWAR,3129.2425200000002
71,AHMEDABAD,CHANDIGARH,6404.10296
72,AHMEDABAD,CHENNAI,4970.4262
73,AHMEDABAD,COCHIN,7564.81748
74,AHMEDABAD,COIMBATORE,3310.94164
75,AHMEDABAD,DEHRADUN,1281.3048000000001
76,AHMEDABAD,DELHI,17955.63192
77,AHMEDABAD,DIBRUGARH,634.0324
78,AHMEDABAD,GUWAHATI,2542.23864
79,AHMEDABAD,HYDERABAD,8237.70264
80,AHMEDABAD,INDORE,1937.95584
81,AHMEDABAD,JAIPUR,4085.98768
82,AHMEDABAD,KANPUR,1420.78428
83,AHMEDABAD,KOLKATA,10629.10904
84,AHMEDABAD,LUCKNOW,1498.07652
85,AHMEDABAD,MUMBAI,7783.44564
86,AHMEDABAD,NAGPUR,1522.41876
87,AHMEDABAD,PATNA,4197.83668
88,AHMEDABAD,PORT BLAIR,6.39064
89,AHMEDABAD,PUNE,4995.40264
90,AHMEDABAD,RAIPUR,1720.48704
91,AHMEDABAD,RANCHI,3162.71456
92,AHMEDABAD,SILCHAR,141.63067999999998
93,AHMEDABAD,SILIGURI,1439.56188
94,AHMEDABAD,SURAT,4817.9102
95,AHMEDABAD,TRICHY,1444.96752
96,AHMEDABAD,VARANASI,2372.2715200000002
97,AHMEDABAD,VIJAYAWADA,3462.81168
98,BANGALORE,AGARTALA,163.71476
99,BANGALORE,AGRA,1828.70012
100,BANGALORE,AHMEDABAD,13316.195
101,BANGALORE,BANGALORE,1855225.49944
102,BANGALORE,BARODA,3037.48752
103,BANGALORE,BHUBANESHWAR,4052.63204
104,BANGALORE,CHANDIGARH,15022.693360000001
105,BANGALORE,CHENNAI,87574.91656
106,BANGALORE,COCHIN,263689.14352
107,BANGALORE,COIMBATORE,68283.08504
108,BANGALORE,DEHRADUN,1662.40004
109,BANGALORE,DELHI,406003.73896
110,BANGALORE,DIBRUGARH,230.85872
111,BANGALORE,GUWAHATI,3335.52972
112,BANGALORE,HYDERABAD,199737.66092
113,BANGALORE,INDORE,4635.1386
114,BANGALORE,JAIPUR,5482.7087200000005
115,BANGALORE,KANPUR,2243.18444
116,BANGALORE,KOLKATA,22982.04844
117,BANGALORE,LUCKNOW,3234.3088000000002
118,BANGALORE,MUMBAI,127024.80855999999
119,BANGALORE,NAGPUR,3587.35572
120,BANGALORE,PATNA,18248.7024
121,BANGALORE,PORT BLAIR,23.31004
122,BANGALORE,PUNE,109177.02528
123,BANGALORE,RAIPUR,2927.20244
124,BANGALORE,RANCHI,3301.60992
125,BANGALORE,SILCHAR,42.614039999999996
126,BANGALORE,SILIGURI,901.44664
127,BANGALORE,SURAT,5301.27592
128,BANGALORE,TRICHY,15482.62044
129,BANGALORE,VARANASI,2471.94812
130,BANGALORE,VIJAYAWADA,97077.43471999999
131,BARODA,AGARTALA,5.10612
132,BARODA,AGRA,94.32892000000001
133,BARODA,AHMEDABAD,580.02936
134,BARODA,BANGALORE,1614.57568
135,BARODA,BARODA,305.143
136,BARODA,BHUBANESHWAR,216.80107999999998
137,BARODA,CHANDIGARH,659.23192
138,BARODA,CHENNAI,679.97104
139,BARODA,COCHIN,359.75272
140,BARODA,COIMBATORE,715.1022
141,BARODA,DEHRADUN,83.12092
142,BARODA,DELHI,1428.163
143,BARODA,DIBRUGARH,58.09276
144,BARODA,GUWAHATI,278.48116
145,BARODA,HYDERABAD,1022.33064
146,BARODA,INDORE,186.28932
147,BARODA,JAIPUR,132.976
148,BARODA,KANPUR,377.18084
149,BARODA,KOLKATA,2349.67576
150,BARODA,LUCKNOW,198.06472
151,BARODA,MUMBAI,1588.2794000000001
152,BARODA,NAGPUR,168.25564
153,BARODA,PATNA,317.73735999999997
154,BARODA,PORT BLAIR,0.17176
155,BARODA,PUNE,1594.96136
156,BARODA,RAIPUR,195.57004
157,BARODA,RANCHI,141.29588
158,BARODA,SILCHAR,7.82812
159,BARODA,SILIGURI,39.64384
160,BARODA,SURAT,223.58368000000002
161,BARODA,TRICHY,213.68344
162,BARODA,VARANASI,314.5282
163,BARODA,VIJAYAWADA,218.88476
164,BHUBANESHWAR,AGARTALA,1.2740799999999997
165,BHUBANESHWAR,AGRA,11.20952
166,BHUBANESHWAR,AHMEDABAD,268.72064
167,BHUBANESHWAR,BANGALORE,4316.533359999999
168,BHUBANESHWAR,BARODA,49.63872
169,BHUBANESHWAR,BHUBANESHWAR,44642.7642
170,BHUBANESHWAR,CHANDIGARH,264.149
171,BHUBANESHWAR,CHENNAI,749.49188
172,BHUBANESHWAR,COCHIN,55.6084
173,BHUBANESHWAR,COIMBATORE,124.73744
174,BHUBANESHWAR,DEHRADUN,27.69044
175,BHUBANESHWAR,DELHI,9331.631440000001
176,BHUBANESHWAR,DIBRUGARH,3.927119999999999
177,BHUBANESHWAR,GUWAHATI,113.58472
178,BHUBANESHWAR,HYDERABAD,990.31064
179,BHUBANESHWAR,INDORE,149.82276
180,BHUBANESHWAR,JAIPUR,136.62676
181,BHUBANESHWAR,KANPUR,33.17336
182,BHUBANESHWAR,KOLKATA,6845.5002
183,BHUBANESHWAR,LUCKNOW,23.67196
184,BHUBANESHWAR,MUMBAI,1829.402
185,BHUBANESHWAR,NAGPUR,43.79444
186,BHUBANESHWAR,PATNA,1768.04348
187,BHUBANESHWAR,PORT BLAIR,4.18908
188,BHUBANESHWAR,PUNE,1133.0100400000001
189,BHUBANESHWAR,RAIPUR,4874.65712
190,BHUBANESHWAR,RANCHI,3486.76608
191,BHUBANESHWAR,SILCHAR,1.99844
192,BHUBANESHWAR,SILIGURI,20.497719999999997
193,BHUBANESHWAR,SURAT,69.86648
194,BHUBANESHWAR,TRICHY,24.3656
195,BHUBANESHWAR,VARANASI,42.59856
196,BHUBANESHWAR,VIJAYAWADA,35.28376
197,CHANDIGARH,AGARTALA,808.8121600000001
198,CHANDIGARH,AGRA,6964.06096
199,CHANDIGARH,AHMEDABAD,5569.42372
200,CHANDIGARH,BANGALORE,19622.68992
201,CHANDIGARH,BARODA,519.1767600000001
202,CHANDIGARH,BHUBANESHWAR,2005.05304
203,CHANDIGARH,CHANDIGARH,1885918.88344
204,CHANDIGARH,CHENNAI,7234.08472
205,CHANDIGARH,COCHIN,28949.04112
206,CHANDIGARH,COIMBATORE,19535.76944
207,CHANDIGARH,DEHRADUN,13933.37524
208,CHANDIGARH,DELHI,413050.3216
209,CHANDIGARH,DIBRUGARH,387.95624
210,CHANDIGARH,GUWAHATI,2160.38524
211,CHANDIGARH,HYDERABAD,5601.20856
212,CHANDIGARH,INDORE,1525.24544
213,CHANDIGARH,JAIPUR,10260.19272
214,CHANDIGARH,KANPUR,6821.27736
215,CHANDIGARH,KOLKATA,6825.71432
216,CHANDIGARH,LUCKNOW,4977.2422400000005
217,CHANDIGARH,MUMBAI,23343.36032
218,CHANDIGARH,NAGPUR,1214.67892
219,CHANDIGARH,PATNA,1576.75396
220,CHANDIGARH,PORT BLAIR,14.61688
221,CHANDIGARH,PUNE,6087.06216
222,CHANDIGARH,RAIPUR,2954.4602
223,CHANDIGARH,RANCHI,1481.08344
224,CHANDIGARH,SILCHAR,2541.19376
225,CHANDIGARH,SILIGURI,668.2236
226,CHANDIGARH,SURAT,2576.47972
227,CHANDIGARH,TRICHY,1242.23424
228,CHANDIGARH,VARANASI,6559.5032
229,CHANDIGARH,VIJAYAWADA,1495.83256
230,CHENNAI,AGARTALA,93.59752
231,CHENNAI,AGRA,2013.308
232,CHENNAI,AHMEDABAD,11067.97852
233,CHENNAI,BANGALORE,142035.55164
234,CHENNAI,BARODA,1823.31136
235,CHENNAI,BHUBANESHWAR,2827.16252
236,CHENNAI,CHANDIGARH,5992.87616
237,CHENNAI,CHENNAI,206417.59912
238,CHENNAI,COCHIN,38685.1422
239,CHENNAI,COIMBATORE,54881.97484
240,CHENNAI,DEHRADUN,470.44788
241,CHENNAI,DELHI,49484.04928
242,CHENNAI,DIBRUGARH,115.7576
243,CHENNAI,GUWAHATI,1568.47416
244,CHENNAI,HYDERABAD,108472.40712
245,CHENNAI,INDORE,6548.84116
246,CHENNAI,JAIPUR,3645.85324
247,CHENNAI,KANPUR,1004.6136399999999
248,CHENNAI,KOLKATA,7755.61276
249,CHENNAI,LUCKNOW,1192.4454
250,CHENNAI,MUMBAI,37414.02628
251,CHENNAI,NAGPUR,1994.4167200000002
252,CHENNAI,PATNA,14339.021040000001
253,CHENNAI,PORT BLAIR,35.74512
254,CHENNAI,PUNE,16880.2204
255,CHENNAI,RAIPUR,2104.6942
256,CHENNAI,RANCHI,882.98104
257,CHENNAI,SILCHAR,42.49404
258,CHENNAI,SILIGURI,217.54244
259,CHENNAI,SURAT,4102.50412
260,CHENNAI,TRICHY,43840.76232
261,CHENNAI,VARANASI,1445.7534
262,CHENNAI,VIJAYAWADA,120514.32876
263,COCHIN,AGARTALA,14.152999999999999
264,COCHIN,AGRA,123.82852
265,COCHIN,AHMEDABAD,1645.47164
266,COCHIN,BANGALORE,742584.45892
267,COCHIN,BARODA,278.14763999999997
268,COCHIN,BHUBANESHWAR,715.3510000000001
269,COCHIN,CHANDIGARH,929.90776
270,COCHIN,CHENNAI,40972.967000000004
271,COCHIN,COCHIN,30187586.23324
272,COCHIN,COIMBATORE,2371925.4756
273,COCHIN,DEHRADUN,133.72299999999998
274,COCHIN,DELHI,33340.13816
275,COCHIN,DIBRUGARH,69.20748
276,COCHIN,GUWAHATI,2061.0002
277,COCHIN,HYDERABAD,11695.06428
278,COCHIN,INDORE,344.41784
279,COCHIN,JAIPUR,484.19232
280,COCHIN,KANPUR,76.6618
281,COCHIN,KOLKATA,3306.6352
282,COCHIN,LUCKNOW,210.64188000000001
283,COCHIN,MUMBAI,10810.61096
284,COCHIN,NAGPUR,850.81768
285,COCHIN,PATNA,1428.48556
286,COCHIN,PORT BLAIR,20.23688
287,COCHIN,PUNE,3607.63072
288,COCHIN,RAIPUR,834.5555199999999
289,COCHIN,RANCHI,128.0908
290,COCHIN,SILCHAR,23.3464
291,COCHIN,SILIGURI,73.91568
292,COCHIN,SURAT,1298.35808
293,COCHIN,TRICHY,14283.8076
294,COCHIN,VARANASI,216.2288
295,COCHIN,VIJAYAWADA,2770.73012
296,COIMBATORE,AGARTALA,26.670080000000002
297,COIMBATORE,AGRA,268.3662
298,COIMBATORE,AHMEDABAD,4643.34752
299,COIMBATORE,BANGALORE,246118.32504
300,COIMBATORE,BARODA,603.40996
301,COIMBATORE,BHUBANESHWAR,834.8877200000001
302,COIMBATORE,CHANDIGARH,4736.1745599999995
303,COIMBATORE,CHENNAI,153019.11572
304,COIMBATORE,COCHIN,1516166.77644
305,COIMBATORE,COIMBATORE,1007171.9444
306,COIMBATORE,DEHRADUN,280.2252
307,COIMBATORE,DELHI,20098.82456
308,COIMBATORE,DIBRUGARH,27.25228
309,COIMBATORE,GUWAHATI,231.4428
310,COIMBATORE,HYDERABAD,30030.081560000002
311,COIMBATORE,INDORE,783.83976
312,COIMBATORE,JAIPUR,1268.5494
313,COIMBATORE,KANPUR,249.52244
314,COIMBATORE,KOLKATA,3748.1400000000003
315,COIMBATORE,LUCKNOW,313.6788
316,COIMBATORE,MUMBAI,17083.91516
317,COIMBATORE,NAGPUR,636.702
318,COIMBATORE,PATNA,3443.26532
319,COIMBATORE,PORT BLAIR,8.7484
320,COIMBATORE,PUNE,5459.99032
321,COIMBATORE,RAIPUR,773.48888
322,COIMBATORE,RANCHI,588.33172
323,COIMBATORE,SILCHAR,3.22592
324,COIMBATORE,SILIGURI,106.74656
325,COIMBATORE,SURAT,2516.69564
326,COIMBATORE,TRICHY,299437.87692
327,COIMBATORE,VARANASI,334.72607999999997
328,COIMBATORE,VIJAYAWADA,17468.21732
329,DEHRADUN,AGARTALA,10.08024
330,DEHRADUN,AGRA,1460.52636
331,DEHRADUN,AHMEDABAD,765.1482
332,DEHRADUN,BANGALORE,2663.4674
333,DEHRADUN,BARODA,89.00604
334,DEHRADUN,BHUBANESHWAR,147.32928
335,DEHRADUN,CHANDIGARH,4091.75524
336,DEHRADUN,CHENNAI,1355.68252
337,DEHRADUN,COCHIN,426.9946
338,DEHRADUN,COIMBATORE,236.92016
339,DEHRADUN,DEHRADUN,50568.87428
340,DEHRADUN,DELHI,135187.80172
341,DEHRADUN,DIBRUGARH,18.60292
342,DEHRADUN,GUWAHATI,202.71584
343,DEHRADUN,HYDERABAD,1364.72796
344,DEHRADUN,INDORE,230.87300000000002
345,DEHRADUN,JAIPUR,661.15672
346,DEHRADUN,KANPUR,1629.51512
347,DEHRADUN,KOLKATA,1020.58196
348,DEHRADUN,LUCKNOW,2901.35204
349,DEHRADUN,MUMBAI,3592.61796
350,DEHRADUN,NAGPUR,157.89644
351,DEHRADUN,PATNA,200.83092
352,DEHRADUN,PORT BLAIR,29.796079999999996
353,DEHRADUN,PUNE,1373.85456
354,DEHRADUN,RAIPUR,245.83004
355,DEHRADUN,RANCHI,131.82096
356,DEHRADUN,SILCHAR,4.7968
357,DEHRADUN,SILIGURI,50.14816
358,DEHRADUN,SURAT,460.95372000000003
359,DEHRADUN,TRICHY,114.24752
360,DEHRADUN,VARANASI,1157.4473600000001
361,DEHRADUN,VIJAYAWADA,107.487
362,DELHI,AGARTALA,3375.1331999999998
363,DELHI,AGRA,94993.68632
364,DELHI,AHMEDABAD,111222.17296000001
365,DELHI,BANGALORE,424401.17076
366,DELHI,BARODA,12509.4514
367,DELHI,BHUBANESHWAR,49727.81832
368,DELHI,CHANDIGARH,525254.3088
369,DELHI,CHENNAI,118676.92664
370,DELHI,COCHIN,83672.00336
371,DELHI,COIMBATORE,43277.75344
372,DELHI,DEHRADUN,146426.17912
373,DELHI,DELHI,2287510.0174000002
374,DELHI,DIBRUGARH,3585.8313200000002
375,DELHI,GUWAHATI,31663.7768
376,DELHI,HYDERABAD,176843.49408
377,DELHI,INDORE,36395.39036
378,DELHI,JAIPUR,109835.82608
379,DELHI,KANPUR,77553.53588
380,DELHI,KOLKATA,180866.2094
381,DELHI,LUCKNOW,61275.38016
382,DELHI,MUMBAI,560691.6022
383,DELHI,NAGPUR,21293.81328
384,DELHI,PATNA,80880.01512
385,DELHI,PORT BLAIR,630.3372
386,DELHI,PUNE,269980.64660000004
387,DELHI,RAIPUR,62232.02044
388,DELHI,RANCHI,46591.78464
389,DELHI,SILCHAR,3390.63956
390,DELHI,SILIGURI,18570.08236
391,DELHI,SURAT,32976.17972
392,DELHI,TRICHY,19900.58404
393,DELHI,VARANASI,69578.9086
394,DELHI,VIJAYAWADA,35059.67276
395,DIBRUGARH,AGARTALA,9.304
396,DIBRUGARH,AGRA,0.29996
397,DIBRUGARH,AHMEDABAD,0.012
398,DIBRUGARH,BANGALORE,3.1531599999999997
399,DIBRUGARH,BARODA,0.24031999999999998
400,DIBRUGARH,BHUBANESHWAR,0.1261199999999999
401,DIBRUGARH,CHANDIGARH,1.01016
402,DIBRUGARH,CHENNAI,2.1742
403,DIBRUGARH,COCHIN,0.132
404,DIBRUGARH,COIMBATORE,0.06896
405,DIBRUGARH,DEHRADUN,0.15936
406,DIBRUGARH,DELHI,549.45896
407,DIBRUGARH,DIBRUGARH,941.7992800000001
408,DIBRUGARH,GUWAHATI,281.0976
409,DIBRUGARH,HYDERABAD,6.5528
410,DIBRUGARH,INDORE,1.35256
411,DIBRUGARH,JAIPUR,0.4084
412,DIBRUGARH,KANPUR,1.66472
413,DIBRUGARH,KOLKATA,1.9094
414,DIBRUGARH,LUCKNOW,0.14788
415,DIBRUGARH,MUMBAI,4.2404399999999995
416,DIBRUGARH,NAGPUR,1.8147599999999997
417,DIBRUGARH,PATNA,1.42304
418,DIBRUGARH,PUNE,18.70676
419,DIBRUGARH,RAIPUR,1.4450000000000003
420,DIBRUGARH,RANCHI,0.96156
421,DIBRUGARH,SILCHAR,0.004
422,DIBRUGARH,SILIGURI,145.82280000000003
423,DIBRUGARH,SURAT,0.10036
424,DIBRUGARH,VARANASI,0.0004
425,DIBRUGARH,VIJAYAWADA,0.008
426,GUWAHATI,AGARTALA,40658.35316
427,GUWAHATI,AGRA,19.1976
428,GUWAHATI,AHMEDABAD,540.20264
429,GUWAHATI,BANGALORE,4439.50744
430,GUWAHATI,BARODA,88.10636000000001
431,GUWAHATI,BHUBANESHWAR,195.98008
432,GUWAHATI,CHANDIGARH,323.02836
433,GUWAHATI,CHENNAI,781.85752
434,GUWAHATI,COCHIN,58.98148
435,GUWAHATI,COIMBATORE,30.88868
436,GUWAHATI,DEHRADUN,123.90324000000001
437,GUWAHATI,DELHI,9739.30352
438,GUWAHATI,DIBRUGARH,473842.65548
439,GUWAHATI,GUWAHATI,1486876.39852
440,GUWAHATI,HYDERABAD,555.6816
441,GUWAHATI,INDORE,69.75112
442,GUWAHATI,JAIPUR,191.34412
443,GUWAHATI,KANPUR,88.67696000000001
444,GUWAHATI,KOLKATA,13976.88564
445,GUWAHATI,LUCKNOW,59.48892
446,GUWAHATI,MUMBAI,2712.8574
447,GUWAHATI,NAGPUR,371.47424
448,GUWAHATI,PATNA,144.57152
449,GUWAHATI,PORT BLAIR,2.4962400000000002
450,GUWAHATI,PUNE,850.6128
451,GUWAHATI,RAIPUR,143.82432000000003
452,GUWAHATI,RANCHI,248.62436
453,GUWAHATI,SILCHAR,13842.06008
454,GUWAHATI,SILIGURI,96967.20468
455,GUWAHATI,SURAT,172.0448
456,GUWAHATI,TRICHY,10.22836
457,GUWAHATI,VARANASI,52.71444
458,GUWAHATI,VIJAYAWADA,19.65944
459,HYDERABAD,AGARTALA,45.58048
460,HYDERABAD,AGRA,224.64643999999998
461,HYDERABAD,AHMEDABAD,2362.60824
462,HYDERABAD,BANGALORE,137385.02824
463,HYDERABAD,BARODA,383.54068
464,HYDERABAD,BHUBANESHWAR,1988.7247200000002
465,HYDERABAD,CHANDIGARH,2422.61744
466,HYDERABAD,CHENNAI,77852.57132
467,HYDERABAD,COCHIN,2436.72672
468,HYDERABAD,COIMBATORE,3205.95948
469,HYDERABAD,DEHRADUN,619.78124
470,HYDERABAD,DELHI,19701.37184
471,HYDERABAD,DIBRUGARH,88.41604
472,HYDERABAD,GUWAHATI,888.72876
473,HYDERABAD,HYDERABAD,1184996.41652
474,HYDERABAD,INDORE,829.73696
475,HYDERABAD,JAIPUR,979.08096
476,HYDERABAD,KANPUR,338.48516
477,HYDERABAD,KOLKATA,3082.29376
478,HYDERABAD,LUCKNOW,881.00872
479,HYDERABAD,MUMBAI,14680.19932
480,HYDERABAD,NAGPUR,1301.9254
481,HYDERABAD,PATNA,102744.88316
482,HYDERABAD,PORT BLAIR,25.55796
483,HYDERABAD,PUNE,9824.2778
484,HYDERABAD,RAIPUR,737.84536
485,HYDERABAD,RANCHI,628.95384
486,HYDERABAD,SILCHAR,37.62612
487,HYDERABAD,SILIGURI,200.426
488,HYDERABAD,SURAT,1808.95448
489,HYDERABAD,TRICHY,1675.817
490,HYDERABAD,VARANASI,835.05736
491,HYDERABAD,VIJAYAWADA,571215.8527200001
492,INDORE,AGARTALA,16.01448
493,INDORE,AGRA,2076.44248
494,INDORE,AHMEDABAD,1634.1076
495,INDORE,BANGALORE,3526.02868
496,INDORE,BARODA,207.36964
497,INDORE,BHUBANESHWAR,220.5258
498,INDORE,CHANDIGARH,994.1481200000001
499,INDORE,CHENNAI,3814.0202799999997
500,INDORE,COCHIN,580.83744
501,INDORE,COIMBATORE,383.8316
502,INDORE,DEHRADUN,181.87544
503,INDORE,DELHI,9033.1496
504,INDORE,DIBRUGARH,87.75408
505,INDORE,GUWAHATI,173.51436
506,INDORE,HYDERABAD,1617.7656
507,INDORE,INDORE,64497.31256
508,INDORE,JAIPUR,983.9053200000001
509,INDORE,KANPUR,357.84228
510,INDORE,KOLKATA,578.5493200000001
511,INDORE,LUCKNOW,182.978
512,INDORE,MUMBAI,6732.76724
513,INDORE,NAGPUR,4022.7866
514,INDORE,PATNA,291.80476
515,INDORE,PORT BLAIR,12.13632
516,INDORE,PUNE,2768.261
517,INDORE,RAIPUR,1023.4344
518,INDORE,RANCHI,195.76836
519,INDORE,SILCHAR,1.59004
520,INDORE,SILIGURI,73.77136
521,INDORE,SURAT,1032.5439199999998
522,INDORE,TRICHY,250.27692000000002
523,INDORE,VARANASI,597.4015999999999
524,INDORE,VIJAYAWADA,336.01448
525,JAIPUR,AGARTALA,25.83584
526,JAIPUR,AGRA,983.64188
527,JAIPUR,AHMEDABAD,7665.625
528,JAIPUR,BANGALORE,8699.34716
529,JAIPUR,BARODA,810.4536
530,JAIPUR,BHUBANESHWAR,243.65416
531,JAIPUR,CHANDIGARH,6489.0654
532,JAIPUR,CHENNAI,7265.35216
533,JAIPUR,COCHIN,3369.9638800000002
534,JAIPUR,COIMBATORE,1740.0663600000003
535,JAIPUR,DEHRADUN,819.98992
536,JAIPUR,DELHI,38792.78252
537,JAIPUR,DIBRUGARH,88.87464
538,JAIPUR,GUWAHATI,484.48276000000004
539,JAIPUR,HYDERABAD,6159.80148
540,JAIPUR,INDORE,1109.70732
541,JAIPUR,JAIPUR,43759.88024
542,JAIPUR,KANPUR,849.927
543,JAIPUR,KOLKATA,2577.234
544,JAIPUR,LUCKNOW,1110.9514000000001
545,JAIPUR,MUMBAI,10295.2596
546,JAIPUR,NAGPUR,486.63848
547,JAIPUR,PATNA,546.6114
548,JAIPUR,PORT BLAIR,14.404040000000002
549,JAIPUR,PUNE,3698.02072
550,JAIPUR,RAIPUR,741.48184
551,JAIPUR,RANCHI,408.68604
552,JAIPUR,SILCHAR,11.21108
553,JAIPUR,SILIGURI,165.10124
554,JAIPUR,SURAT,1523.79744
555,JAIPUR,TRICHY,1239.79332
556,JAIPUR,VARANASI,612.89136
557,JAIPUR,VIJAYAWADA,2153.1323199999997
558,KANPUR,AGARTALA,4.5282
559,KANPUR,AGRA,10189.82492
560,KANPUR,AHMEDABAD,821.82972
561,KANPUR,BANGALORE,3683.63104
562,KANPUR,BARODA,147.55563999999998
563,KANPUR,BHUBANESHWAR,49.453160000000004
564,KANPUR,CHANDIGARH,1668.2588
565,KANPUR,CHENNAI,3357.2229999999995
566,KANPUR,COCHIN,51.17628
567,KANPUR,COIMBATORE,42.30784
568,KANPUR,DEHRADUN,895.02344
569,KANPUR,DELHI,125517.23644000001
570,KANPUR,DIBRUGARH,8.10736
571,KANPUR,GUWAHATI,39.19672
572,KANPUR,HYDERABAD,1366.42472
573,KANPUR,INDORE,379.23864
574,KANPUR,JAIPUR,968.22404
575,KANPUR,KANPUR,49694.34651999999
576,KANPUR,KOLKATA,974.9872799999999
577,KANPUR,LUCKNOW,38032.24900000001
578,KANPUR,MUMBAI,2414.49576
579,KANPUR,NAGPUR,117.29044
580,KANPUR,PATNA,122.35144000000001
581,KANPUR,PORT BLAIR,4.0036000000000005
582,KANPUR,PUNE,950.52936
583,KANPUR,RAIPUR,317.66288000000003
584,KANPUR,RANCHI,64.1276
585,KANPUR,SILCHAR,0.2131199999999999
586,KANPUR,SILIGURI,33.36952
587,KANPUR,SURAT,240.21476
588,KANPUR,TRICHY,17.19652
589,KANPUR,VARANASI,12901.486719999999
590,KANPUR,VIJAYAWADA,18.33448
591,KOLKATA,AGARTALA,1464.14448
592,KOLKATA,AGRA,992.82872
593,KOLKATA,AHMEDABAD,8636.29288
594,KOLKATA,BANGALORE,26024.07136
595,KOLKATA,BARODA,343.54112
596,KOLKATA,BHUBANESHWAR,8181.16056
597,KOLKATA,CHANDIGARH,8392.48032
598,KOLKATA,CHENNAI,4307.07476
599,KOLKATA,COCHIN,2909.99496
600,KOLKATA,COIMBATORE,804.721
601,KOLKATA,DEHRADUN,660.43836
602,KOLKATA,DELHI,215001.95496
603,KOLKATA,DIBRUGARH,838.19012
604,KOLKATA,GUWAHATI,12339.98976
605,KOLKATA,HYDERABAD,6092.2238800000005
606,KOLKATA,INDORE,1431.89956
607,KOLKATA,JAIPUR,2707.95928
608,KOLKATA,KANPUR,1101.95052
609,KOLKATA,KOLKATA,330895.87712
610,KOLKATA,LUCKNOW,1223.60544
611,KOLKATA,MUMBAI,16481.8132
612,KOLKATA,NAGPUR,916.78612
613,KOLKATA,PATNA,11020.24652
614,KOLKATA,PORT BLAIR,357.197
615,KOLKATA,PUNE,5011.0455999999995
616,KOLKATA,RAIPUR,2268.12412
617,KOLKATA,RANCHI,12926.82188
618,KOLKATA,SILCHAR,2149.0834
619,KOLKATA,SILIGURI,37525.60184
620,KOLKATA,SURAT,2711.81972
621,KOLKATA,TRICHY,251.90328
622,KOLKATA,VARANASI,1721.12524
623,KOLKATA,VIJAYAWADA,1943.42844
624,LUCKNOW,AGARTALA,7.59436
625,LUCKNOW,AGRA,4485.53808
626,LUCKNOW,AHMEDABAD,947.35252
627,LUCKNOW,BANGALORE,4961.64196
628,LUCKNOW,BARODA,148.20203999999998
629,LUCKNOW,BHUBANESHWAR,210.22616
630,LUCKNOW,CHANDIGARH,1815.36128
631,LUCKNOW,CHENNAI,1099.73904
632,LUCKNOW,COCHIN,693.69076
633,LUCKNOW,COIMBATORE,97.68451999999999
634,LUCKNOW,DEHRADUN,2587.5054
635,LUCKNOW,DELHI,144717.42188
636,LUCKNOW,DIBRUGARH,16.67672
637,LUCKNOW,GUWAHATI,137.98724
638,LUCKNOW,HYDERABAD,2372.87316
639,LUCKNOW,INDORE,401.00308
640,LUCKNOW,JAIPUR,859.7728800000001
641,LUCKNOW,KANPUR,31356.51856
642,LUCKNOW,KOLKATA,1229.8556800000001
643,LUCKNOW,LUCKNOW,25637.755400000002
644,LUCKNOW,MUMBAI,8617.33212
645,LUCKNOW,NAGPUR,266.94072
646,LUCKNOW,PATNA,443.46788000000004
647,LUCKNOW,PORT BLAIR,16.71904
648,LUCKNOW,PUNE,2417.53384
649,LUCKNOW,RAIPUR,249.8902
650,LUCKNOW,RANCHI,226.69868
651,LUCKNOW,SILCHAR,16.65548
652,LUCKNOW,SILIGURI,39.808319999999995
653,LUCKNOW,SURAT,662.6889199999999
654,LUCKNOW,TRICHY,26.9906
655,LUCKNOW,VARANASI,28838.54416
656,LUCKNOW,VIJAYAWADA,97.7536
657,MUMBAI,AGARTALA,1914.5076000000001
658,MUMBAI,AGRA,5980.58668
659,MUMBAI,AHMEDABAD,28282.1688
660,MUMBAI,BANGALORE,124746.76083999999
661,MUMBAI,BARODA,5165.84092
662,MUMBAI,BHUBANESHWAR,7502.87204
663,MUMBAI,CHANDIGARH,21696.03596
664,MUMBAI,CHENNAI,32895.73768
665,MUMBAI,COCHIN,53742.52732
666,MUMBAI,COIMBATORE,24004.76708
667,MUMBAI,DEHRADUN,4716.22476
668,MUMBAI,DELHI,173779.90616
669,MUMBAI,DIBRUGARH,875.86868
670,MUMBAI,GUWAHATI,4279.33968
671,MUMBAI,HYDERABAD,67922.27424
672,MUMBAI,INDORE,15446.49784
673,MUMBAI,JAIPUR,11656.5072
674,MUMBAI,KANPUR,6389.14584
675,MUMBAI,KOLKATA,46170.457480000005
676,MUMBAI,LUCKNOW,6152.23908
677,MUMBAI,MUMBAI,525717.1452
678,MUMBAI,NAGPUR,15366.93236
679,MUMBAI,PATNA,18487.3746
680,MUMBAI,PORT BLAIR,113.8348
681,MUMBAI,PUNE,106126.72776
682,MUMBAI,RAIPUR,6854.53672
683,MUMBAI,RANCHI,7132.1044
684,MUMBAI,SILCHAR,121.40416
685,MUMBAI,SILIGURI,3694.7258
686,MUMBAI,SURAT,13440.7236
687,MUMBAI,TRICHY,8001.1597600000005
688,MUMBAI,VARANASI,10288.48952
689,MUMBAI,VIJAYAWADA,7078.22912
690,NAGPUR,AGARTALA,1.0368799999999998
691,NAGPUR,AGRA,89.28775999999999
692,NAGPUR,AHMEDABAD,769.83128
693,NAGPUR,BANGALORE,3820.5691600000005
694,NAGPUR,BARODA,146.51180000000002
695,NAGPUR,BHUBANESHWAR,94.99696
696,NAGPUR,CHANDIGARH,941.0134799999998
697,NAGPUR,CHENNAI,883.50184
698,NAGPUR,COCHIN,84.24924
699,NAGPUR,COIMBATORE,406.32995999999997
700,NAGPUR,DEHRADUN,37.727039999999995
701,NAGPUR,DELHI,6172.64144
702,NAGPUR,DIBRUGARH,3.756599999999999
703,NAGPUR,GUWAHATI,25.03064
704,NAGPUR,HYDERABAD,929.3718
705,NAGPUR,INDORE,4332.6992
706,NAGPUR,JAIPUR,184.41544
707,NAGPUR,KANPUR,165.30632
708,NAGPUR,KOLKATA,292.83008
709,NAGPUR,LUCKNOW,39.23952
710,NAGPUR,MUMBAI,8769.262999999999
711,NAGPUR,NAGPUR,35336.599480000004
712,NAGPUR,PATNA,97.54016
713,NAGPUR,PORT BLAIR,1.3812
714,NAGPUR,PUNE,7245.967439999999
715,NAGPUR,RAIPUR,1563.3081599999998
716,NAGPUR,RANCHI,272.12968
717,NAGPUR,SILCHAR,0.22211999999999998
718,NAGPUR,SILIGURI,10.242159999999998
719,NAGPUR,SURAT,261.51344
720,NAGPUR,TRICHY,36.05496
721,NAGPUR,VARANASI,254.53552
722,NAGPUR,VIJAYAWADA,1503.04796
723,PATNA,AGARTALA,2.3408399999999996
724,PATNA,AGRA,31.39096
725,PATNA,AHMEDABAD,486.4188
726,PATNA,BANGALORE,10656.193080000001
727,PATNA,BARODA,93.73692
728,PATNA,BHUBANESHWAR,1122.86808
729,PATNA,CHANDIGARH,188.30724
730,PATNA,CHENNAI,7428.3358
731,PATNA,COCHIN,391.42836
732,PATNA,COIMBATORE,452.43568
733,PATNA,DEHRADUN,60.50256
734,PATNA,DELHI,21739.219680000002
735,PATNA,DIBRUGARH,34.148559999999996
736,PATNA,GUWAHATI,140.65092
737,PATNA,HYDERABAD,83762.57704
738,PATNA,INDORE,112.04191999999999
739,PATNA,JAIPUR,322.01608
740,PATNA,KANPUR,77.39832
741,PATNA,KOLKATA,3306.62804
742,PATNA,LUCKNOW,164.776
743,PATNA,MUMBAI,2394.98252
744,PATNA,NAGPUR,78.03548
745,PATNA,PATNA,119741.02908000001
746,PATNA,PORT BLAIR,2.2537199999999995
747,PATNA,PUNE,875.6088000000001
748,PATNA,RAIPUR,191.67499999999998
749,PATNA,RANCHI,6095.44552
750,PATNA,SILCHAR,1.4528399999999997
751,PATNA,SILIGURI,1466.4668000000001
752,PATNA,SURAT,192.76196000000002
753,PATNA,TRICHY,209.65476
754,PATNA,VARANASI,190.70908
755,PATNA,VIJAYAWADA,165613.80891999998
756,PORT BLAIR,AGRA,0.3575999999999999
757,PORT BLAIR,AHMEDABAD,0.1648
758,PORT BLAIR,BANGALORE,1.81552
759,PORT BLAIR,BARODA,0.044
760,PORT BLAIR,BHUBANESHWAR,0.10400000000000001
761,PORT BLAIR,CHANDIGARH,0.061200000000000004
762,PORT BLAIR,CHENNAI,3.40352
763,PORT BLAIR,COCHIN,0.7239999999999999
764,PORT BLAIR,COIMBATORE,0.1731999999999999
765,PORT BLAIR,DEHRADUN,0.03
766,PORT BLAIR,DELHI,22.80612
767,PORT BLAIR,HYDERABAD,0.4191599999999999
768,PORT BLAIR,INDORE,0.002
769,PORT BLAIR,JAIPUR,0.0028
770,PORT BLAIR,KOLKATA,4.5164
771,PORT BLAIR,LUCKNOW,0.026
772,PORT BLAIR,MUMBAI,5.9632
773,PORT BLAIR,NAGPUR,0.0176
774,PORT BLAIR,PATNA,0.10439999999999999
775,PORT BLAIR,PORT BLAIR,0.0524
776,PORT BLAIR,PUNE,1.2516
777,PORT BLAIR,RAIPUR,0.1
778,PORT BLAIR,RANCHI,0.4327999999999998
779,PORT BLAIR,SILIGURI,0.06160000000000001
780,PORT BLAIR,SURAT,0.046
781,PORT BLAIR,TRICHY,0.45008000000000004
782,PORT BLAIR,VARANASI,0.13879999999999992
783,PUNE,AGARTALA,56.35656
784,PUNE,AGRA,778.1914400000001
785,PUNE,AHMEDABAD,4941.82816
786,PUNE,BANGALORE,49982.22624
787,PUNE,BARODA,1421.78704
788,PUNE,BHUBANESHWAR,758.18004
789,PUNE,CHANDIGARH,4915.91288
790,PUNE,CHENNAI,9076.04044
791,PUNE,COCHIN,1086.32752
792,PUNE,COIMBATORE,1733.0345200000002
793,PUNE,DEHRADUN,891.7786
794,PUNE,DELHI,38096.67992
795,PUNE,DIBRUGARH,81.12876
796,PUNE,GUWAHATI,785.48988
797,PUNE,HYDERABAD,11322.09736
798,PUNE,INDORE,3369.01344
799,PUNE,JAIPUR,1953.11564
800,PUNE,KANPUR,904.18744
801,PUNE,KOLKATA,3612.76296
802,PUNE,LUCKNOW,1101.03168
803,PUNE,MUMBAI,81423.5618
804,PUNE,NAGPUR,4913.24876
805,PUNE,PATNA,2117.82096
806,PUNE,PORT BLAIR,7.4503200000000005
807,PUNE,PUNE,234584.79676
808,PUNE,RAIPUR,2015.2782
809,PUNE,RANCHI,7484.0334
810,PUNE,SILCHAR,24.63612
811,PUNE,SILIGURI,208.34468
812,PUNE,SURAT,2412.23064
813,PUNE,TRICHY,510.33972
814,PUNE,VARANASI,1010.90644
815,PUNE,VIJAYAWADA,1127.2762
816,RAIPUR,AGARTALA,15.36108
817,RAIPUR,AGRA,172.6644
818,RAIPUR,AHMEDABAD,835.51268
819,RAIPUR,BANGALORE,2269.28
820,RAIPUR,BARODA,115.09591999999999
821,RAIPUR,BHUBANESHWAR,2813.37408
822,RAIPUR,CHANDIGARH,1645.106
823,RAIPUR,CHENNAI,927.2408800000001
824,RAIPUR,COCHIN,1358.36968
825,RAIPUR,COIMBATORE,129.95552
826,RAIPUR,DEHRADUN,222.01247999999998
827,RAIPUR,DELHI,8970.05872
828,RAIPUR,DIBRUGARH,9.67348
829,RAIPUR,GUWAHATI,150.9336
830,RAIPUR,HYDERABAD,1089.89324
831,RAIPUR,INDORE,742.61256
832,RAIPUR,JAIPUR,1081.07508
833,RAIPUR,KANPUR,184.88912
834,RAIPUR,KOLKATA,1171.19428
835,RAIPUR,LUCKNOW,269.27384
836,RAIPUR,MUMBAI,4034.06104
837,RAIPUR,NAGPUR,1253.42092
838,RAIPUR,PATNA,290.82372
839,RAIPUR,PORT BLAIR,2.24636
840,RAIPUR,PUNE,6395.733200000001
841,RAIPUR,RAIPUR,5852.8078399999995
842,RAIPUR,RANCHI,894.09244
843,RAIPUR,SILCHAR,23.61612
844,RAIPUR,SILIGURI,522.9624
845,RAIPUR,SURAT,381.50896
846,RAIPUR,TRICHY,53.37364
847,RAIPUR,VARANASI,319.65448
848,RAIPUR,VIJAYAWADA,54.71072
849,RANCHI,AGARTALA,2.9080399999999997
850,RANCHI,AGRA,29.134520000000002
851,RANCHI,AHMEDABAD,372.2376
852,RANCHI,BANGALORE,2145.28544
853,RANCHI,BARODA,55.360839999999996
854,RANCHI,BHUBANESHWAR,1290.5060799999999
855,RANCHI,CHANDIGARH,184.66144
856,RANCHI,CHENNAI,527.3258
857,RANCHI,COCHIN,56.32224
858,RANCHI,COIMBATORE,17.14464
859,RANCHI,DEHRADUN,61.894
860,RANCHI,DELHI,140874.24216
861,RANCHI,DIBRUGARH,5.15004
862,RANCHI,GUWAHATI,101.55052
863,RANCHI,HYDERABAD,1401.4853600000001
864,RANCHI,INDORE,139.4552
865,RANCHI,JAIPUR,145.15488
866,RANCHI,KANPUR,48.876599999999996
867,RANCHI,KOLKATA,5951.77988
868,RANCHI,LUCKNOW,62.19184
869,RANCHI,MUMBAI,1300.57064
870,RANCHI,NAGPUR,89.39152
871,RANCHI,PATNA,4003.0357999999997
872,RANCHI,PORT BLAIR,9.192359999999999
873,RANCHI,PUNE,1074.72076
874,RANCHI,RAIPUR,495.36968
875,RANCHI,RANCHI,29627.77804
876,RANCHI,SILCHAR,0.8476400000000001
877,RANCHI,SILIGURI,64.33548
878,RANCHI,SURAT,87.53468000000001
879,RANCHI,TRICHY,25.48024
880,RANCHI,VARANASI,68.7292
881,RANCHI,VIJAYAWADA,8.545319999999998
882,SILCHAR,AGARTALA,233.83464
883,SILCHAR,AGRA,0.38276000000000004
884,SILCHAR,AHMEDABAD,8.05172
885,SILCHAR,BANGALORE,101.58892
886,SILCHAR,BARODA,3.31604
887,SILCHAR,BHUBANESHWAR,13.21688
888,SILCHAR,CHANDIGARH,3.9810399999999997
889,SILCHAR,CHENNAI,8.071439999999999
890,SILCHAR,COCHIN,25.329439999999998
891,SILCHAR,COIMBATORE,1.36076
892,SILCHAR,DEHRADUN,1.0777599999999998
893,SILCHAR,DELHI,507.71139999999997
894,SILCHAR,DIBRUGARH,6.37332
895,SILCHAR,GUWAHATI,2566.76636
896,SILCHAR,HYDERABAD,10.70904
897,SILCHAR,INDORE,2.5758799999999997
898,SILCHAR,JAIPUR,4.14484
899,SILCHAR,KANPUR,2.8072
900,SILCHAR,KOLKATA,532.8132
901,SILCHAR,LUCKNOW,0.6007599999999998
902,SILCHAR,MUMBAI,70.05708
903,SILCHAR,NAGPUR,0.5053599999999998
904,SILCHAR,PATNA,3.05824
905,SILCHAR,PORT BLAIR,0.07384
906,SILCHAR,PUNE,28.628239999999998
907,SILCHAR,RAIPUR,0.22175999999999998
908,SILCHAR,RANCHI,3.25456
909,SILCHAR,SILCHAR,117.49411999999998
910,SILCHAR,SILIGURI,5.209199999999999
911,SILCHAR,SURAT,3.19928
912,SILCHAR,TRICHY,0.11452
913,SILCHAR,VARANASI,0.60904
914,SILCHAR,VIJAYAWADA,1.8359999999999999
915,SILIGURI,AGARTALA,5.310479999999999
916,SILIGURI,AGRA,10.16616
917,SILIGURI,AHMEDABAD,645.6386
918,SILIGURI,BANGALORE,872.02048
919,SILIGURI,BARODA,24.74932
920,SILIGURI,BHUBANESHWAR,230.16907999999998
921,SILIGURI,CHANDIGARH,107.32016
922,SILIGURI,CHENNAI,523.38404
923,SILIGURI,COCHIN,219.51623999999998
924,SILIGURI,COIMBATORE,15.23648
925,SILIGURI,DEHRADUN,36.73008
926,SILIGURI,DELHI,80312.85560000001
927,SILIGURI,DIBRUGARH,259.89664
928,SILIGURI,GUWAHATI,1387.93328
929,SILIGURI,HYDERABAD,918.5467600000001
930,SILIGURI,INDORE,258.05576
931,SILIGURI,JAIPUR,39.97252
932,SILIGURI,KANPUR,7.93084
933,SILIGURI,KOLKATA,12105.94176
934,SILIGURI,LUCKNOW,134.33544
935,SILIGURI,MUMBAI,1797.7102
936,SILIGURI,NAGPUR,48.46372
937,SILIGURI,PATNA,879.1822400000001
938,SILIGURI,PORT BLAIR,0.23543999999999998
939,SILIGURI,PUNE,3269.77156
940,SILIGURI,RAIPUR,58.47024
941,SILIGURI,RANCHI,77.52552
942,SILIGURI,SILCHAR,2.39968
943,SILIGURI,SILIGURI,3580.6713600000003
944,SILIGURI,SURAT,58.79956
945,SILIGURI,TRICHY,4.922
946,SILIGURI,VARANASI,1117.2620000000002
947,SILIGURI,VIJAYAWADA,97.10048
948,SURAT,AGARTALA,236.0194
949,SURAT,AGRA,2445.41816
950,SURAT,AHMEDABAD,2353.36864
951,SURAT,BANGALORE,137265.63916
952,SURAT,BARODA,510.90112
953,SURAT,BHUBANESHWAR,2758.7372800000003
954,SURAT,CHANDIGARH,18963.99084
955,SURAT,CHENNAI,48083.77572
956,SURAT,COCHIN,196937.51892
957,SURAT,COIMBATORE,52274.47108
958,SURAT,DEHRADUN,2384.20792
959,SURAT,DELHI,55441.61744
960,SURAT,DIBRUGARH,281.32796
961,SURAT,GUWAHATI,933.13004
962,SURAT,HYDERABAD,294868.40936
963,SURAT,INDORE,2727.7740799999997
964,SURAT,JAIPUR,4107.31728
965,SURAT,KANPUR,2152.40748
966,SURAT,KOLKATA,28398.259240000003
967,SURAT,LUCKNOW,3926.65868
968,SURAT,MUMBAI,12944.667720000001
969,SURAT,NAGPUR,1529.02192
970,SURAT,PATNA,54512.6742
971,SURAT,PORT BLAIR,10.509640000000001
972,SURAT,PUNE,12398.60676
973,SURAT,RAIPUR,1349.6988800000001
974,SURAT,RANCHI,2074.98204
975,SURAT,SILCHAR,43.49888
976,SURAT,SILIGURI,7205.219959999999
977,SURAT,SURAT,3061.5582799999997
978,SURAT,TRICHY,14897.186800000001
979,SURAT,VARANASI,6329.87468
980,SURAT,VIJAYAWADA,132701.82924
981,TRICHY,AGARTALA,1.1293199999999997
982,TRICHY,AGRA,15.537719999999998
983,TRICHY,AHMEDABAD,439.62408
984,TRICHY,BANGALORE,78259.22068
985,TRICHY,BARODA,72.71596
986,TRICHY,BHUBANESHWAR,105.76048
987,TRICHY,CHANDIGARH,154.43168
988,TRICHY,CHENNAI,48957.234280000004
989,TRICHY,COCHIN,12321.41716
990,TRICHY,COIMBATORE,63557.6856
991,TRICHY,DEHRADUN,23.92928
992,TRICHY,DELHI,4940.07304
993,TRICHY,DIBRUGARH,1.82184
994,TRICHY,GUWAHATI,29.133999999999997
995,TRICHY,HYDERABAD,48518.96732
996,TRICHY,INDORE,56.32472
997,TRICHY,JAIPUR,163.69836
998,TRICHY,KANPUR,27.68052
999,TRICHY,KOLKATA,499.87368000000004
1000,TRICHY,LUCKNOW,16.38536
1001,TRICHY,MUMBAI,2488.69384
1002,TRICHY,NAGPUR,78.39504
1003,TRICHY,PATNA,12041.2028
1004,TRICHY,PORT BLAIR,0.4720399999999998
1005,TRICHY,PUNE,713.7454
1006,TRICHY,RAIPUR,95.49312
1007,TRICHY,RANCHI,114.17472000000001
1008,TRICHY,SILCHAR,0.4313599999999999
1009,TRICHY,SILIGURI,16.05252
1010,TRICHY,SURAT,1269.97652
1011,TRICHY,TRICHY,93412.96624
1012,TRICHY,VARANASI,47.44576
1013,TRICHY,VIJAYAWADA,45349.31244
1014,VARANASI,AGARTALA,30.465159999999997
1015,VARANASI,AGRA,1645.4409999999998
1016,VARANASI,AHMEDABAD,5960.8722800000005
1017,VARANASI,BANGALORE,44312.02992
1018,VARANASI,BARODA,658.54056
1019,VARANASI,BHUBANESHWAR,668.6646400000001
1020,VARANASI,CHANDIGARH,3150.09568
1021,VARANASI,CHENNAI,28238.6256
1022,VARANASI,COCHIN,8812.00712
1023,VARANASI,COIMBATORE,18561.85152
1024,VARANASI,DEHRADUN,1205.4366
1025,VARANASI,DELHI,104069.72752
1026,VARANASI,DIBRUGARH,76.48368
1027,VARANASI,GUWAHATI,492.78884
1028,VARANASI,HYDERABAD,74362.08148
1029,VARANASI,INDORE,1032.5762
1030,VARANASI,JAIPUR,2542.3268000000003
1031,VARANASI,KANPUR,12325.7166
1032,VARANASI,KOLKATA,9882.01592
1033,VARANASI,LUCKNOW,40873.65604
1034,VARANASI,MUMBAI,24619.6026
1035,VARANASI,NAGPUR,961.14116
1036,VARANASI,PATNA,4880.2356
1037,VARANASI,PORT BLAIR,4.8612400000000004
1038,VARANASI,PUNE,7154.114280000001
1039,VARANASI,RAIPUR,731.7952
1040,VARANASI,RANCHI,767.49824
1041,VARANASI,SILCHAR,76.30875999999999
1042,VARANASI,SILIGURI,375.75356
1043,VARANASI,SURAT,6971.78672
1044,VARANASI,TRICHY,20616.09964
1045,VARANASI,VARANASI,68758.42008
1046,VARANASI,VIJAYAWADA,24834.78724
1047,VIJAYAWADA,AGARTALA,2.3951999999999996
1048,VIJAYAWADA,AGRA,8.89296
1049,VIJAYAWADA,AHMEDABAD,462.75464
1050,VIJAYAWADA,BANGALORE,183057.0718
1051,VIJAYAWADA,BARODA,58.72568
1052,VIJAYAWADA,BHUBANESHWAR,310.90672
1053,VIJAYAWADA,CHANDIGARH,112.83771999999999
1054,VIJAYAWADA,CHENNAI,307295.63675999996
1055,VIJAYAWADA,COCHIN,412.4142
1056,VIJAYAWADA,COIMBATORE,2686.58044
1057,VIJAYAWADA,DEHRADUN,24.31436
1058,VIJAYAWADA,DELHI,3031.90628
1059,VIJAYAWADA,DIBRUGARH,23.318
1060,VIJAYAWADA,GUWAHATI,54.772279999999995
1061,VIJAYAWADA,HYDERABAD,1350481.93368
1062,VIJAYAWADA,INDORE,64.29572
1063,VIJAYAWADA,JAIPUR,91.33008
1064,VIJAYAWADA,KANPUR,13.91052
1065,VIJAYAWADA,KOLKATA,248.35404
1066,VIJAYAWADA,LUCKNOW,16.06404
1067,VIJAYAWADA,MUMBAI,3043.43824
1068,VIJAYAWADA,NAGPUR,806.06248
1069,VIJAYAWADA,PATNA,497438.901
1070,VIJAYAWADA,PORT BLAIR,0.4203999999999999
1071,VIJAYAWADA,PUNE,1297.23352
1072,VIJAYAWADA,RAIPUR,93.89344
1073,VIJAYAWADA,RANCHI,47.79696
1074,VIJAYAWADA,SILCHAR,1.9797999999999998
1075,VIJAYAWADA,SILIGURI,6.538599999999999
1076,VIJAYAWADA,SURAT,488.32007999999996
1077,VIJAYAWADA,TRICHY,1180.22996
1078,VIJAYAWADA,VARANASI,97.34852
1079,VIJAYAWADA,VIJAYAWADA,4710508.08076
