,Origin_Airport,Destination_Airport,Aeroplane Category,Volume(kg)
0,AGARTALA,BANGALORE,GCR,9.9464
1,AGARTALA,BANGALORE,GCR,20.44624
2,AGARTALA,CHENNAI,GCR,1.2896399999999995
3,AGARTALA,CHENNAI,GCR,4.3404
4,AGARTALA,DELHI,GCR,20.822799999999997
5,AGARTALA,DELHI,GCR,21.99272
6,AGARTALA,DIBRUGARH,GCR,2.5398799999999997
7,AGARTALA,DIBRUGARH,GCR,3.9738799999999994
8,AGARTALA,GUWAHATI,GCR,21.93068
9,AGARTALA,GUWAHATI,GCR,34.77228
10,AGARTALA,HYDERABAD,GCR,2.8593599999999992
11,AGARTALA,HYDERABAD,GCR,4.593719999999999
12,AGARTALA,KOLKATA,GCR,14.410079999999999
13,AGARTALA,KOLKATA,GCR,46.03384
14,AHMEDABAD,BANGALORE,PRIME,305.97548
15,AHMEDABAD,BANGALORE,GCR,585.16308
16,AHMEDABAD,BHUBANESHWAR,GCR,127.08104
17,AHMEDABAD,BHUBANESHWAR,GCR,209.40552
18,AHMEDABAD,CHANDIGARH,GCR,350.92828
19,AHMEDABAD,CHANDIGARH,GCR,432.23816
20,AHMEDABAD,CHENNAI,PRIME,145.58688
21,AHMEDABAD,CHENNAI,GCR,422.393
22,AHMEDABAD,COCHIN,GCR,214.25356
23,AHMEDABAD,COCHIN,GCR,336.93176
24,AHMEDABAD,COIMBATORE,GCR,91.02436
25,AHMEDABAD,COIMBATORE,GCR,174.4484
26,AHMEDABAD,DELHI,PRIME,772.44812
27,AHMEDABAD,DELHI,GCR,837.68352
28,AHMEDABAD,GUWAHATI,GCR,40.05088
29,AHMEDABAD,GUWAHATI,GCR,155.96616
30,AHMEDABAD,HYDERABAD,PRIME,284.40276
31,AHMEDABAD,HYDERABAD,GCR,466.94868
32,AHMEDABAD,INDORE,GCR,140.5554
33,AHMEDABAD,INDORE,GCR,80.70432
34,AHMEDABAD,JAIPUR,GCR,111.8434
35,AHMEDABAD,JAIPUR,GCR,102.85444
36,AHMEDABAD,KOLKATA,PRIME,360.21944
37,AHMEDABAD,KOLKATA,GCR,549.33908
38,AHMEDABAD,LUCKNOW,GCR,115.80651999999999
39,AHMEDABAD,LUCKNOW,GCR,187.06564
40,AHMEDABAD,MUMBAI,GCR,269.45092
41,AHMEDABAD,MUMBAI,GCR,297.8598
42,AHMEDABAD,NAGPUR,GCR,85.93708
43,AHMEDABAD,NAGPUR,GCR,117.52579999999999
44,AHMEDABAD,PATNA,GCR,153.27756
45,AHMEDABAD,PATNA,GCR,287.51368
46,AHMEDABAD,PUNE,GCR,276.38632
47,AHMEDABAD,PUNE,GCR,260.5452
48,AHMEDABAD,RANCHI,GCR,57.65276
49,AHMEDABAD,RANCHI,GCR,193.95196
50,AHMEDABAD,SILIGURI,GCR,37.72712
51,AHMEDABAD,SILIGURI,GCR,110.15956
52,AHMEDABAD,VARANASI,GCR,61.255759999999995
53,AHMEDABAD,VARANASI,GCR,140.98548
54,BANGALORE,AGARTALA,GCR,12.61368
55,BANGALORE,AGARTALA,GCR,43.16988
56,BANGALORE,AHMEDABAD,PRIME,277.66496
57,BANGALORE,AHMEDABAD,GCR,616.12
58,BANGALORE,BHUBANESHWAR,GCR,89.50536
59,BANGALORE,BHUBANESHWAR,GCR,264.8742
60,BANGALORE,CHANDIGARH,GCR,272.40084
61,BANGALORE,CHANDIGARH,GCR,660.67344
62,BANGALORE,CHENNAI,GCR,640.18048
63,BANGALORE,CHENNAI,GCR,1241.18488
64,BANGALORE,COCHIN,GCR,409.60232
65,BANGALORE,COCHIN,GCR,1138.3942
66,BANGALORE,COIMBATORE,GCR,179.15608
67,BANGALORE,COIMBATORE,GCR,478.05944
68,BANGALORE,DELHI,PRIME,1807.58384
69,BANGALORE,DELHI,GCR,2393.64676
70,BANGALORE,DIBRUGARH,GCR,24.28952
71,BANGALORE,DIBRUGARH,GCR,53.609519999999996
72,BANGALORE,GUWAHATI,GCR,41.8086
73,BANGALORE,GUWAHATI,GCR,182.49728000000002
74,BANGALORE,HYDERABAD,GCR,721.02976
75,BANGALORE,HYDERABAD,GCR,1727.35548
76,BANGALORE,INDORE,GCR,92.0126
77,BANGALORE,INDORE,GCR,248.86232
78,BANGALORE,JAIPUR,GCR,133.83939999999998
79,BANGALORE,JAIPUR,GCR,299.2592
80,BANGALORE,KOLKATA,PRIME,354.88884
81,BANGALORE,KOLKATA,GCR,677.80744
82,BANGALORE,LUCKNOW,GCR,170.77215999999999
83,BANGALORE,LUCKNOW,GCR,293.9826
84,BANGALORE,MUMBAI,PRIME,902.18836
85,BANGALORE,MUMBAI,GCR,1590.92276
86,BANGALORE,NAGPUR,GCR,92.6802
87,BANGALORE,NAGPUR,GCR,230.79356
88,BANGALORE,PATNA,GCR,169.77352
89,BANGALORE,PATNA,GCR,393.36164
90,BANGALORE,PUNE,PRIME,589.8604
91,BANGALORE,PUNE,GCR,1128.78808
92,BANGALORE,RANCHI,GCR,73.35644
93,BANGALORE,RANCHI,GCR,237.64768
94,BANGALORE,SILIGURI,GCR,33.07508
95,BANGALORE,SILIGURI,GCR,110.63664
96,BANGALORE,SURAT,GCR,90.55184
97,BANGALORE,SURAT,GCR,192.11588
98,BANGALORE,TRICHY,GCR,98.1652
99,BANGALORE,TRICHY,GCR,231.92724
100,BANGALORE,VARANASI,GCR,55.60928
101,BANGALORE,VARANASI,GCR,169.72827999999998
102,BANGALORE,VIJAYAWADA,GCR,125.82128
103,BANGALORE,VIJAYAWADA,GCR,486.48172
104,BHUBANESHWAR,AHMEDABAD,GCR,10.3142
105,BHUBANESHWAR,AHMEDABAD,GCR,35.85944
106,BHUBANESHWAR,BANGALORE,GCR,43.91044
107,BHUBANESHWAR,BANGALORE,GCR,108.44507999999999
108,BHUBANESHWAR,CHANDIGARH,GCR,22.063599999999997
109,BHUBANESHWAR,CHANDIGARH,GCR,29.174319999999998
110,BHUBANESHWAR,CHENNAI,GCR,18.21964
111,BHUBANESHWAR,CHENNAI,GCR,62.26788
112,BHUBANESHWAR,COCHIN,GCR,5.72392
113,BHUBANESHWAR,COCHIN,GCR,13.96444
114,BHUBANESHWAR,DELHI,GCR,189.33088
115,BHUBANESHWAR,DELHI,GCR,198.40152
116,BHUBANESHWAR,GUWAHATI,GCR,3.8213599999999994
117,BHUBANESHWAR,GUWAHATI,GCR,10.38076
118,BHUBANESHWAR,HYDERABAD,GCR,34.18728
119,BHUBANESHWAR,HYDERABAD,GCR,78.00756
120,BHUBANESHWAR,INDORE,GCR,5.11248
121,BHUBANESHWAR,INDORE,GCR,22.7016
122,BHUBANESHWAR,KOLKATA,GCR,85.7992
123,BHUBANESHWAR,KOLKATA,GCR,182.32236
124,BHUBANESHWAR,LUCKNOW,GCR,6.63884
125,BHUBANESHWAR,LUCKNOW,GCR,10.098959999999998
126,BHUBANESHWAR,MUMBAI,GCR,47.06996
127,BHUBANESHWAR,MUMBAI,GCR,86.28743999999999
128,BHUBANESHWAR,PATNA,GCR,15.177679999999999
129,BHUBANESHWAR,PATNA,GCR,55.672839999999994
130,BHUBANESHWAR,PUNE,GCR,37.52332
131,BHUBANESHWAR,PUNE,GCR,76.30763999999999
132,BHUBANESHWAR,RANCHI,GCR,20.78884
133,BHUBANESHWAR,RANCHI,GCR,57.492239999999995
134,BHUBANESHWAR,SILIGURI,GCR,2.6687599999999994
135,BHUBANESHWAR,SILIGURI,GCR,4.956279999999999
136,BHUBANESHWAR,VARANASI,GCR,3.7207599999999994
137,BHUBANESHWAR,VARANASI,GCR,10.278719999999998
138,CHANDIGARH,AHMEDABAD,GCR,106.31652
139,CHANDIGARH,AHMEDABAD,GCR,324.53724
140,CHANDIGARH,BANGALORE,GCR,263.86807999999996
141,CHANDIGARH,BANGALORE,GCR,652.4828
142,CHANDIGARH,BHUBANESHWAR,GCR,40.989399999999996
143,CHANDIGARH,BHUBANESHWAR,GCR,164.63856
144,CHANDIGARH,CHENNAI,GCR,127.73639999999999
145,CHANDIGARH,CHENNAI,GCR,420.72008
146,CHANDIGARH,DELHI,GCR,1642.84876
147,CHANDIGARH,DELHI,GCR,3146.60116
148,CHANDIGARH,HYDERABAD,GCR,141.34596
149,CHANDIGARH,HYDERABAD,GCR,420.25292
150,CHANDIGARH,INDORE,GCR,52.73844
151,CHANDIGARH,INDORE,GCR,142.22935999999999
152,CHANDIGARH,JAIPUR,GCR,74.69448
153,CHANDIGARH,JAIPUR,GCR,284.26812
154,CHANDIGARH,KOLKATA,GCR,88.49304
155,CHANDIGARH,KOLKATA,GCR,463.2172
156,CHANDIGARH,LUCKNOW,GCR,136.5696
157,CHANDIGARH,LUCKNOW,GCR,306.3512
158,CHANDIGARH,MUMBAI,GCR,345.67888
159,CHANDIGARH,MUMBAI,GCR,769.3604
160,CHANDIGARH,PATNA,GCR,47.248239999999996
161,CHANDIGARH,PATNA,GCR,171.49624
162,CHANDIGARH,PUNE,GCR,171.7934
163,CHANDIGARH,PUNE,GCR,407.452
164,CHENNAI,AGARTALA,GCR,4.051639999999999
165,CHENNAI,AGARTALA,GCR,26.16896
166,CHENNAI,AHMEDABAD,PRIME,151.9506
167,CHENNAI,AHMEDABAD,GCR,428.26072
168,CHENNAI,BANGALORE,GCR,580.47528
169,CHENNAI,BANGALORE,GCR,1321.47796
170,CHENNAI,BHUBANESHWAR,GCR,52.85
171,CHENNAI,BHUBANESHWAR,GCR,176.33548
172,CHENNAI,CHANDIGARH,GCR,101.51856
173,CHENNAI,CHANDIGARH,GCR,324.56831999999997
174,CHENNAI,COCHIN,GCR,208.08044
175,CHENNAI,COCHIN,GCR,558.4594
176,CHENNAI,COIMBATORE,GCR,164.68308
177,CHENNAI,COIMBATORE,GCR,459.57144
178,CHENNAI,DELHI,PRIME,651.20196
179,CHENNAI,DELHI,GCR,1438.1546
180,CHENNAI,GUWAHATI,GCR,28.579919999999998
181,CHENNAI,GUWAHATI,GCR,125.30028
182,CHENNAI,HYDERABAD,GCR,325.36228
183,CHENNAI,HYDERABAD,GCR,1088.07068
184,CHENNAI,INDORE,GCR,39.05932
185,CHENNAI,INDORE,GCR,188.57756
186,CHENNAI,JAIPUR,GCR,46.09196
187,CHENNAI,JAIPUR,GCR,165.50332
188,CHENNAI,KOLKATA,GCR,164.78228
189,CHENNAI,KOLKATA,GCR,300.85052
190,CHENNAI,LUCKNOW,GCR,44.5224
191,CHENNAI,LUCKNOW,GCR,128.43816
192,CHENNAI,MUMBAI,PRIME,605.68816
193,CHENNAI,MUMBAI,GCR,674.72108
194,CHENNAI,PATNA,GCR,78.12276
195,CHENNAI,PATNA,GCR,315.09644000000003
196,CHENNAI,PUNE,PRIME,230.79984
197,CHENNAI,PUNE,GCR,530.29744
198,CHENNAI,RANCHI,GCR,21.97524
199,CHENNAI,RANCHI,GCR,100.31384
200,CHENNAI,SILIGURI,GCR,10.29572
201,CHENNAI,SILIGURI,GCR,39.335519999999995
202,CHENNAI,SURAT,GCR,31.54504
203,CHENNAI,SURAT,GCR,131.7158
204,CHENNAI,TRICHY,GCR,98.28224
205,CHENNAI,TRICHY,GCR,331.94527999999997
206,CHENNAI,VARANASI,GCR,19.4762
207,CHENNAI,VARANASI,GCR,74.1714
208,CHENNAI,VIJAYAWADA,GCR,82.77664
209,CHENNAI,VIJAYAWADA,GCR,485.36556
210,COCHIN,AHMEDABAD,GCR,86.76256
211,COCHIN,AHMEDABAD,GCR,126.90563999999999
212,COCHIN,BANGALORE,GCR,428.1354
213,COCHIN,BANGALORE,GCR,1563.49512
214,COCHIN,BHUBANESHWAR,GCR,48.76732
215,COCHIN,BHUBANESHWAR,GCR,33.02468
216,COCHIN,CHENNAI,GCR,230.74016
217,COCHIN,CHENNAI,GCR,664.0056
218,COCHIN,DELHI,GCR,546.5154
219,COCHIN,DELHI,GCR,522.46152
220,COCHIN,HYDERABAD,GCR,265.10548
221,COCHIN,HYDERABAD,GCR,293.78356
222,COCHIN,KOLKATA,GCR,262.84584
223,COCHIN,KOLKATA,GCR,105.94727999999999
224,COCHIN,MUMBAI,GCR,217.70427999999998
225,COCHIN,MUMBAI,GCR,379.3032
226,COCHIN,PATNA,GCR,57.859959999999994
227,COCHIN,PATNA,GCR,60.385279999999995
228,COCHIN,PUNE,GCR,113.38432
229,COCHIN,PUNE,GCR,171.50512
230,COCHIN,VARANASI,GCR,15.464559999999999
231,COCHIN,VARANASI,GCR,27.70928
232,COIMBATORE,AHMEDABAD,GCR,74.90176
233,COIMBATORE,AHMEDABAD,GCR,149.00235999999998
234,COIMBATORE,BANGALORE,GCR,302.22952
235,COIMBATORE,BANGALORE,GCR,958.18468
236,COIMBATORE,CHENNAI,GCR,190.58676
237,COIMBATORE,CHENNAI,GCR,768.38632
238,COIMBATORE,DELHI,GCR,276.48956
239,COIMBATORE,DELHI,GCR,511.65656
240,COIMBATORE,GUWAHATI,GCR,15.0686
241,COIMBATORE,GUWAHATI,GCR,17.55772
242,COIMBATORE,HYDERABAD,GCR,206.63036
243,COIMBATORE,HYDERABAD,GCR,370.25648
244,COIMBATORE,MUMBAI,GCR,164.82496
245,COIMBATORE,MUMBAI,GCR,357.80644
246,COIMBATORE,PUNE,GCR,89.13512
247,COIMBATORE,PUNE,GCR,215.47024
248,DELHI,AGARTALA,GCR,110.45148
249,DELHI,AGARTALA,GCR,254.77352
250,DELHI,AHMEDABAD,PRIME,1386.6374
251,DELHI,AHMEDABAD,GCR,1346.34716
252,DELHI,BANGALORE,PRIME,3350.00664
253,DELHI,BANGALORE,GCR,3277.92992
254,DELHI,BHUBANESHWAR,PRIME,680.899
255,DELHI,BHUBANESHWAR,GCR,873.86104
256,DELHI,CHANDIGARH,GCR,2510.79076
257,DELHI,CHANDIGARH,GCR,4180.89256
258,DELHI,CHENNAI,PRIME,1545.35852
259,DELHI,CHENNAI,GCR,2199.91796
260,DELHI,COCHIN,PRIME,1019.25132
261,DELHI,COCHIN,GCR,1516.00528
262,DELHI,COIMBATORE,GCR,473.85364
263,DELHI,COIMBATORE,GCR,670.44196
264,DELHI,DIBRUGARH,GCR,130.04059999999998
265,DELHI,DIBRUGARH,GCR,359.54988
266,DELHI,GUWAHATI,PRIME,352.26204
267,DELHI,GUWAHATI,GCR,729.73228
268,DELHI,HYDERABAD,PRIME,1679.16876
269,DELHI,HYDERABAD,GCR,2100.33976
270,DELHI,INDORE,PRIME,632.53684
271,DELHI,INDORE,GCR,650.24604
272,DELHI,JAIPUR,GCR,832.07744
273,DELHI,JAIPUR,GCR,1069.38504
274,DELHI,KOLKATA,PRIME,2054.5178
275,DELHI,KOLKATA,GCR,1792.91168
276,DELHI,LUCKNOW,GCR,1077.7288
277,DELHI,LUCKNOW,GCR,1441.73244
278,DELHI,MUMBAI,PRIME,3451.8740000000003
279,DELHI,MUMBAI,GCR,4605.43196
280,DELHI,NAGPUR,GCR,598.10504
281,DELHI,NAGPUR,GCR,636.8228
282,DELHI,PATNA,GCR,871.47716
283,DELHI,PATNA,GCR,980.87408
284,DELHI,PUNE,PRIME,1813.61684
285,DELHI,PUNE,GCR,1974.39
286,DELHI,RANCHI,GCR,731.0312
287,DELHI,RANCHI,GCR,783.577
288,DELHI,SILIGURI,PRIME,350.31248
289,DELHI,SILIGURI,GCR,427.71724
290,DELHI,SURAT,GCR,413.8178
291,DELHI,SURAT,GCR,458.65492
292,DELHI,VARANASI,GCR,546.22048
293,DELHI,VARANASI,GCR,789.5356
294,DELHI,VIJAYAWADA,GCR,372.94224
295,DELHI,VIJAYAWADA,GCR,416.47492
296,DIBRUGARH,AGARTALA,GCR,0.004
297,DIBRUGARH,AGARTALA,GCR,4.464
298,DIBRUGARH,BANGALORE,GCR,1.952
299,DIBRUGARH,BANGALORE,GCR,0.88668
300,DIBRUGARH,DELHI,GCR,11.68212
301,DIBRUGARH,DELHI,GCR,4.234999999999999
302,DIBRUGARH,GUWAHATI,GCR,3.3444
303,DIBRUGARH,GUWAHATI,GCR,14.488999999999999
304,DIBRUGARH,HYDERABAD,GCR,2.0094
305,DIBRUGARH,HYDERABAD,GCR,1.8024799999999999
306,DIBRUGARH,KOLKATA,GCR,0.15908
307,DIBRUGARH,KOLKATA,GCR,1.30348
308,DIBRUGARH,SILIGURI,GCR,0.124
309,DIBRUGARH,SILIGURI,GCR,6.20692
310,GUWAHATI,AGARTALA,GCR,124.74331999999998
311,GUWAHATI,AGARTALA,GCR,319.33836
312,GUWAHATI,AHMEDABAD,GCR,15.53312
313,GUWAHATI,AHMEDABAD,GCR,46.4062
314,GUWAHATI,BANGALORE,GCR,27.19848
315,GUWAHATI,BANGALORE,GCR,129.09896
316,GUWAHATI,BHUBANESHWAR,GCR,2.61888
317,GUWAHATI,BHUBANESHWAR,GCR,31.323520000000002
318,GUWAHATI,CHENNAI,GCR,9.42696
319,GUWAHATI,CHENNAI,GCR,48.571239999999996
320,GUWAHATI,COIMBATORE,GCR,2.1215599999999997
321,GUWAHATI,COIMBATORE,GCR,5.03188
322,GUWAHATI,DELHI,GCR,83.80096
323,GUWAHATI,DELHI,GCR,282.54548
324,GUWAHATI,DIBRUGARH,GCR,31.66388
325,GUWAHATI,DIBRUGARH,GCR,740.162
326,GUWAHATI,HYDERABAD,GCR,12.06852
327,GUWAHATI,HYDERABAD,GCR,43.42256
328,GUWAHATI,JAIPUR,GCR,3.0029199999999996
329,GUWAHATI,JAIPUR,GCR,21.01992
330,GUWAHATI,KOLKATA,GCR,40.16752
331,GUWAHATI,KOLKATA,GCR,224.41935999999998
332,GUWAHATI,LUCKNOW,GCR,3.8385999999999996
333,GUWAHATI,LUCKNOW,GCR,37.16112
334,GUWAHATI,MUMBAI,GCR,32.65196
335,GUWAHATI,MUMBAI,GCR,108.60812
336,GUWAHATI,PATNA,GCR,3.0261599999999995
337,GUWAHATI,PATNA,GCR,20.21576
338,GUWAHATI,PUNE,GCR,11.6016
339,GUWAHATI,PUNE,GCR,46.76984
340,GUWAHATI,SILIGURI,GCR,7.325799999999999
341,GUWAHATI,SILIGURI,GCR,173.09908
342,HYDERABAD,AGARTALA,GCR,7.156759999999999
343,HYDERABAD,AGARTALA,GCR,15.68192
344,HYDERABAD,AHMEDABAD,PRIME,123.87939999999999
345,HYDERABAD,AHMEDABAD,GCR,228.51152
346,HYDERABAD,BANGALORE,PRIME,524.01008
347,HYDERABAD,BANGALORE,GCR,1348.9842
348,HYDERABAD,BHUBANESHWAR,GCR,49.8664
349,HYDERABAD,BHUBANESHWAR,GCR,150.99172
350,HYDERABAD,CHANDIGARH,GCR,106.4446
351,HYDERABAD,CHANDIGARH,GCR,277.0952
352,HYDERABAD,CHENNAI,GCR,322.36076
353,HYDERABAD,CHENNAI,GCR,814.67344
354,HYDERABAD,COCHIN,GCR,98.73212
355,HYDERABAD,COCHIN,GCR,167.2426
356,HYDERABAD,COIMBATORE,GCR,47.12448
357,HYDERABAD,COIMBATORE,GCR,110.78056
358,HYDERABAD,DELHI,PRIME,565.37684
359,HYDERABAD,DELHI,GCR,728.99592
360,HYDERABAD,DIBRUGARH,GCR,8.663559999999999
361,HYDERABAD,DIBRUGARH,GCR,25.99636
362,HYDERABAD,GUWAHATI,GCR,24.41028
363,HYDERABAD,GUWAHATI,GCR,90.22840000000001
364,HYDERABAD,INDORE,GCR,45.89828
365,HYDERABAD,INDORE,GCR,98.49231999999999
366,HYDERABAD,JAIPUR,GCR,65.51411999999999
367,HYDERABAD,JAIPUR,GCR,95.85864
368,HYDERABAD,KOLKATA,PRIME,152.50608
369,HYDERABAD,KOLKATA,GCR,279.57432
370,HYDERABAD,LUCKNOW,GCR,100.24356
371,HYDERABAD,LUCKNOW,GCR,122.37556
372,HYDERABAD,MUMBAI,PRIME,367.10064
373,HYDERABAD,MUMBAI,GCR,485.32364
374,HYDERABAD,NAGPUR,GCR,56.02592
375,HYDERABAD,NAGPUR,GCR,107.98136
376,HYDERABAD,PATNA,GCR,211.07068
377,HYDERABAD,PATNA,GCR,636.53516
378,HYDERABAD,PUNE,GCR,185.40472
379,HYDERABAD,PUNE,GCR,327.24812
380,HYDERABAD,RANCHI,GCR,50.69464
381,HYDERABAD,RANCHI,GCR,87.98624
382,HYDERABAD,SILIGURI,GCR,19.11772
383,HYDERABAD,SILIGURI,GCR,50.85768
384,HYDERABAD,SURAT,GCR,29.65928
385,HYDERABAD,SURAT,GCR,87.73444
386,HYDERABAD,TRICHY,GCR,27.59388
387,HYDERABAD,TRICHY,GCR,75.3322
388,HYDERABAD,VARANASI,GCR,30.97464
389,HYDERABAD,VARANASI,GCR,80.85856
390,HYDERABAD,VIJAYAWADA,GCR,314.15796
391,HYDERABAD,VIJAYAWADA,GCR,1524.39272
392,INDORE,AHMEDABAD,GCR,30.82932
393,INDORE,AHMEDABAD,GCR,68.93903999999999
394,INDORE,BANGALORE,GCR,79.0024
395,INDORE,BANGALORE,GCR,207.15716
396,INDORE,BHUBANESHWAR,GCR,15.17164
397,INDORE,BHUBANESHWAR,GCR,40.76892
398,INDORE,CHANDIGARH,GCR,36.649359999999994
399,INDORE,CHANDIGARH,GCR,118.25580000000001
400,INDORE,CHENNAI,GCR,22.11448
401,INDORE,CHENNAI,GCR,161.36744
402,INDORE,DELHI,GCR,188.73304
403,INDORE,DELHI,GCR,303.86068
404,INDORE,HYDERABAD,GCR,41.53288
405,INDORE,HYDERABAD,GCR,109.45724
406,INDORE,JAIPUR,GCR,18.2576
407,INDORE,JAIPUR,GCR,45.513439999999996
408,INDORE,KOLKATA,GCR,26.884559999999997
409,INDORE,KOLKATA,GCR,66.51608
410,INDORE,LUCKNOW,GCR,20.72336
411,INDORE,LUCKNOW,GCR,67.75016
412,INDORE,MUMBAI,GCR,76.32484
413,INDORE,MUMBAI,GCR,230.92776
414,INDORE,NAGPUR,GCR,36.64136
415,INDORE,NAGPUR,GCR,89.5544
416,INDORE,PUNE,GCR,45.82696
417,INDORE,PUNE,GCR,112.92408
418,JAIPUR,AHMEDABAD,GCR,74.17928
419,JAIPUR,AHMEDABAD,GCR,136.14424
420,JAIPUR,BANGALORE,PRIME,205.49612
421,JAIPUR,BANGALORE,GCR,241.31652
422,JAIPUR,BHUBANESHWAR,GCR,20.49364
423,JAIPUR,BHUBANESHWAR,GCR,35.74704
424,JAIPUR,CHANDIGARH,GCR,137.6024
425,JAIPUR,CHANDIGARH,GCR,179.62936
426,JAIPUR,CHENNAI,GCR,103.14728
427,JAIPUR,CHENNAI,GCR,160.5474
428,JAIPUR,COCHIN,GCR,117.2082
429,JAIPUR,COCHIN,GCR,81.91288
430,JAIPUR,DELHI,GCR,493.57152
431,JAIPUR,DELHI,GCR,594.53964
432,JAIPUR,GUWAHATI,GCR,29.997239999999998
433,JAIPUR,GUWAHATI,GCR,28.47392
434,JAIPUR,HYDERABAD,GCR,177.68212
435,JAIPUR,HYDERABAD,GCR,195.739
436,JAIPUR,INDORE,GCR,22.820719999999998
437,JAIPUR,INDORE,GCR,45.80404
438,JAIPUR,KOLKATA,GCR,106.08952
439,JAIPUR,KOLKATA,GCR,148.92424
440,JAIPUR,LUCKNOW,GCR,56.55535999999999
441,JAIPUR,LUCKNOW,GCR,60.63072
442,JAIPUR,MUMBAI,PRIME,246.04688
443,JAIPUR,MUMBAI,GCR,271.31916
444,JAIPUR,PUNE,GCR,113.65432
445,JAIPUR,PUNE,GCR,118.78439999999999
446,KOLKATA,AGARTALA,PRIME,91.03808000000001
447,KOLKATA,AGARTALA,GCR,185.82924
448,KOLKATA,AHMEDABAD,GCR,173.651
449,KOLKATA,AHMEDABAD,GCR,222.92064
450,KOLKATA,BANGALORE,PRIME,457.63996
451,KOLKATA,BANGALORE,GCR,481.13216
452,KOLKATA,BHUBANESHWAR,GCR,224.17956
453,KOLKATA,BHUBANESHWAR,GCR,161.006
454,KOLKATA,CHANDIGARH,GCR,229.50928
455,KOLKATA,CHANDIGARH,GCR,357.7048
456,KOLKATA,CHENNAI,PRIME,196.02148
457,KOLKATA,CHENNAI,GCR,219.42024
458,KOLKATA,COCHIN,GCR,177.0348
459,KOLKATA,COCHIN,GCR,158.02784
460,KOLKATA,DELHI,PRIME,1452.4846
461,KOLKATA,DELHI,GCR,1000.41576
462,KOLKATA,DIBRUGARH,GCR,55.576719999999995
463,KOLKATA,DIBRUGARH,GCR,94.84288
464,KOLKATA,GUWAHATI,PRIME,227.36052
465,KOLKATA,GUWAHATI,GCR,289.41796
466,KOLKATA,HYDERABAD,PRIME,283.83952
467,KOLKATA,HYDERABAD,GCR,273.12615999999997
468,KOLKATA,INDORE,GCR,75.21536
469,KOLKATA,INDORE,GCR,101.44284
470,KOLKATA,JAIPUR,GCR,107.01424
471,KOLKATA,JAIPUR,GCR,126.53623999999999
472,KOLKATA,LUCKNOW,GCR,146.38808
473,KOLKATA,LUCKNOW,GCR,120.2942
474,KOLKATA,MUMBAI,PRIME,509.92988
475,KOLKATA,MUMBAI,GCR,521.73784
476,KOLKATA,NAGPUR,GCR,94.84684
477,KOLKATA,NAGPUR,GCR,119.21984
478,KOLKATA,PATNA,GCR,285.46452
479,KOLKATA,PATNA,GCR,183.36656
480,KOLKATA,PUNE,GCR,215.95576
481,KOLKATA,PUNE,GCR,211.96768
482,KOLKATA,RANCHI,GCR,200.47416
483,KOLKATA,RANCHI,GCR,199.61544
484,KOLKATA,SILIGURI,GCR,343.74204
485,KOLKATA,SILIGURI,GCR,281.93188
486,KOLKATA,SURAT,GCR,51.418
487,KOLKATA,SURAT,GCR,106.96352
488,KOLKATA,VARANASI,GCR,85.7956
489,KOLKATA,VARANASI,GCR,105.47868
490,LUCKNOW,AHMEDABAD,GCR,20.95608
491,LUCKNOW,AHMEDABAD,GCR,94.4066
492,LUCKNOW,BANGALORE,GCR,58.7514
493,LUCKNOW,BANGALORE,GCR,226.23216
494,LUCKNOW,BHUBANESHWAR,GCR,6.158079999999999
495,LUCKNOW,BHUBANESHWAR,GCR,29.665799999999997
496,LUCKNOW,CHANDIGARH,GCR,36.32628
497,LUCKNOW,CHANDIGARH,GCR,184.0102
498,LUCKNOW,CHENNAI,GCR,28.50924
499,LUCKNOW,CHENNAI,GCR,142.2988
500,LUCKNOW,DELHI,GCR,746.58
501,LUCKNOW,DELHI,GCR,897.58352
502,LUCKNOW,GUWAHATI,GCR,3.0567599999999997
503,LUCKNOW,GUWAHATI,GCR,16.0638
504,LUCKNOW,HYDERABAD,GCR,71.64688
505,LUCKNOW,HYDERABAD,GCR,121.22316
506,LUCKNOW,INDORE,GCR,9.12388
507,LUCKNOW,INDORE,GCR,71.21468
508,LUCKNOW,JAIPUR,GCR,10.092839999999999
509,LUCKNOW,JAIPUR,GCR,71.62819999999999
510,LUCKNOW,KOLKATA,GCR,25.35852
511,LUCKNOW,KOLKATA,GCR,123.91792
512,LUCKNOW,MUMBAI,GCR,62.5098
513,LUCKNOW,MUMBAI,GCR,302.95083999999997
514,LUCKNOW,PATNA,GCR,11.840959999999999
515,LUCKNOW,PATNA,GCR,47.685559999999995
516,LUCKNOW,PUNE,GCR,41.91748
517,LUCKNOW,PUNE,GCR,144.29896
518,LUCKNOW,RANCHI,GCR,5.238479999999999
519,LUCKNOW,RANCHI,GCR,29.904359999999997
520,MUMBAI,AHMEDABAD,PRIME,563.05576
521,MUMBAI,AHMEDABAD,GCR,496.81012
522,MUMBAI,BANGALORE,PRIME,1363.89732
523,MUMBAI,BANGALORE,GCR,1425.01756
524,MUMBAI,BHUBANESHWAR,GCR,208.99844
525,MUMBAI,BHUBANESHWAR,GCR,296.35732
526,MUMBAI,CHANDIGARH,PRIME,716.06128
527,MUMBAI,CHANDIGARH,GCR,720.27636
528,MUMBAI,CHENNAI,PRIME,824.62232
529,MUMBAI,CHENNAI,GCR,880.99004
530,MUMBAI,COCHIN,PRIME,597.86568
531,MUMBAI,COCHIN,GCR,619.32936
532,MUMBAI,COIMBATORE,GCR,248.66255999999998
533,MUMBAI,COIMBATORE,GCR,436.33004
534,MUMBAI,DELHI,PRIME,2474.36848
535,MUMBAI,DELHI,GCR,1940.24096
536,MUMBAI,GUWAHATI,GCR,109.8958
537,MUMBAI,GUWAHATI,GCR,197.54224
538,MUMBAI,HYDERABAD,PRIME,902.0362
539,MUMBAI,HYDERABAD,GCR,736.32176
540,MUMBAI,INDORE,GCR,275.97268
541,MUMBAI,INDORE,GCR,344.03488
542,MUMBAI,JAIPUR,PRIME,326.69796
543,MUMBAI,JAIPUR,GCR,324.36132
544,MUMBAI,KOLKATA,PRIME,812.68692
545,MUMBAI,KOLKATA,GCR,860.36456
546,MUMBAI,LUCKNOW,GCR,315.86292
547,MUMBAI,LUCKNOW,GCR,340.05368
548,MUMBAI,NAGPUR,PRIME,327.11332
549,MUMBAI,NAGPUR,GCR,335.18668
550,MUMBAI,PATNA,GCR,339.3934
551,MUMBAI,PATNA,GCR,384.23508
552,MUMBAI,RANCHI,PRIME,168.96544
553,MUMBAI,RANCHI,GCR,273.76996
554,MUMBAI,SILIGURI,GCR,80.04656
555,MUMBAI,SILIGURI,GCR,128.21604
556,MUMBAI,TRICHY,GCR,94.864
557,MUMBAI,TRICHY,GCR,227.23132
558,MUMBAI,VARANASI,GCR,171.43188
559,MUMBAI,VARANASI,GCR,224.61044
560,MUMBAI,VIJAYAWADA,GCR,141.17148
561,MUMBAI,VIJAYAWADA,GCR,223.33564
562,NAGPUR,AHMEDABAD,GCR,26.322439999999997
563,NAGPUR,AHMEDABAD,GCR,51.99792
564,NAGPUR,BANGALORE,GCR,101.22623999999999
565,NAGPUR,BANGALORE,GCR,75.77132
566,NAGPUR,DELHI,GCR,216.85888
567,NAGPUR,DELHI,GCR,151.25316
568,NAGPUR,HYDERABAD,GCR,33.70908
569,NAGPUR,HYDERABAD,GCR,58.73596
570,NAGPUR,INDORE,GCR,10.23096
571,NAGPUR,INDORE,GCR,71.10784
572,NAGPUR,KOLKATA,GCR,20.075319999999998
573,NAGPUR,KOLKATA,GCR,33.99888
574,NAGPUR,MUMBAI,GCR,104.48224
575,NAGPUR,MUMBAI,GCR,183.83404
576,NAGPUR,PUNE,GCR,51.56948
577,NAGPUR,PUNE,GCR,122.01859999999999
578,PATNA,AHMEDABAD,GCR,16.3222
579,PATNA,AHMEDABAD,GCR,40.886039999999994
580,PATNA,BANGALORE,GCR,101.0504
581,PATNA,BANGALORE,GCR,186.78588
582,PATNA,BHUBANESHWAR,GCR,13.45976
583,PATNA,BHUBANESHWAR,GCR,52.8018
584,PATNA,CHANDIGARH,GCR,17.80812
585,PATNA,CHANDIGARH,GCR,36.774119999999996
586,PATNA,CHENNAI,GCR,56.9306
587,PATNA,CHENNAI,GCR,136.29712
588,PATNA,COCHIN,GCR,24.18476
589,PATNA,COCHIN,GCR,19.639359999999996
590,PATNA,DELHI,GCR,284.0296
591,PATNA,DELHI,GCR,220.452
592,PATNA,GUWAHATI,GCR,7.3089200000000005
593,PATNA,GUWAHATI,GCR,16.212799999999998
594,PATNA,HYDERABAD,GCR,189.1022
595,PATNA,HYDERABAD,GCR,492.31940000000003
596,PATNA,KOLKATA,GCR,41.829119999999996
597,PATNA,KOLKATA,GCR,95.72448
598,PATNA,LUCKNOW,GCR,8.511199999999999
599,PATNA,LUCKNOW,GCR,21.60832
600,PATNA,MUMBAI,GCR,58.22768
601,PATNA,MUMBAI,GCR,115.00923999999999
602,PATNA,PUNE,GCR,29.611559999999997
603,PATNA,PUNE,GCR,45.532199999999996
604,PATNA,RANCHI,GCR,55.87424
605,PATNA,RANCHI,GCR,65.84624
606,PUNE,AHMEDABAD,GCR,189.79728
607,PUNE,AHMEDABAD,GCR,253.88592
608,PUNE,BANGALORE,PRIME,398.41692
609,PUNE,BANGALORE,GCR,734.84488
610,PUNE,BHUBANESHWAR,GCR,62.5608
611,PUNE,BHUBANESHWAR,GCR,95.99083999999999
612,PUNE,CHANDIGARH,GCR,185.12028
613,PUNE,CHANDIGARH,GCR,373.02616
614,PUNE,CHENNAI,PRIME,189.11356
615,PUNE,CHENNAI,GCR,445.81848
616,PUNE,COCHIN,GCR,74.5484
617,PUNE,COCHIN,GCR,126.41796
618,PUNE,COIMBATORE,GCR,41.59988
619,PUNE,COIMBATORE,GCR,102.53488
620,PUNE,DELHI,PRIME,858.6971599999999
621,PUNE,DELHI,GCR,998.26804
622,PUNE,GUWAHATI,GCR,39.75048
623,PUNE,GUWAHATI,GCR,77.06064
624,PUNE,HYDERABAD,GCR,186.05692
625,PUNE,HYDERABAD,GCR,339.71288
626,PUNE,INDORE,GCR,58.47848
627,PUNE,INDORE,GCR,147.83756
628,PUNE,JAIPUR,GCR,86.88904
629,PUNE,JAIPUR,GCR,112.04648
630,PUNE,KOLKATA,PRIME,136.93804
631,PUNE,KOLKATA,GCR,309.41668
632,PUNE,LUCKNOW,GCR,78.0282
633,PUNE,LUCKNOW,GCR,111.42179999999999
634,PUNE,NAGPUR,GCR,71.34476
635,PUNE,NAGPUR,GCR,158.18744
636,PUNE,PATNA,GCR,54.130919999999996
637,PUNE,PATNA,GCR,175.90303999999998
638,PUNE,RANCHI,GCR,108.80388
639,PUNE,RANCHI,GCR,191.15164
640,PUNE,SURAT,GCR,42.729079999999996
641,PUNE,SURAT,GCR,89.49172
642,PUNE,VARANASI,GCR,31.7154
643,PUNE,VARANASI,GCR,66.38504
644,RANCHI,AHMEDABAD,GCR,6.49372
645,RANCHI,AHMEDABAD,GCR,31.251079999999998
646,RANCHI,BANGALORE,GCR,37.03912
647,RANCHI,BANGALORE,GCR,92.45288
648,RANCHI,BHUBANESHWAR,GCR,25.8892
649,RANCHI,BHUBANESHWAR,GCR,43.371359999999996
650,RANCHI,CHENNAI,GCR,20.52044
651,RANCHI,CHENNAI,GCR,37.17212
652,RANCHI,DELHI,GCR,413.676
653,RANCHI,DELHI,GCR,161.37544
654,RANCHI,HYDERABAD,GCR,39.2172
655,RANCHI,HYDERABAD,GCR,39.6108
656,RANCHI,KOLKATA,GCR,28.68572
657,RANCHI,KOLKATA,GCR,116.51459999999999
658,RANCHI,LUCKNOW,GCR,3.6209199999999995
659,RANCHI,LUCKNOW,GCR,13.415119999999998
660,RANCHI,MUMBAI,GCR,27.130679999999998
661,RANCHI,MUMBAI,GCR,85.47492
662,RANCHI,PATNA,GCR,13.90636
663,RANCHI,PATNA,GCR,51.5246
664,RANCHI,PUNE,GCR,22.245759999999997
665,RANCHI,PUNE,GCR,51.2322
666,SILIGURI,AHMEDABAD,GCR,8.42564
667,SILIGURI,AHMEDABAD,GCR,59.162639999999996
668,SILIGURI,BANGALORE,GCR,17.95056
669,SILIGURI,BANGALORE,GCR,114.11399999999999
670,SILIGURI,BHUBANESHWAR,GCR,2.5183999999999997
671,SILIGURI,BHUBANESHWAR,GCR,20.780319999999996
672,SILIGURI,CHENNAI,GCR,8.04072
673,SILIGURI,CHENNAI,GCR,84.87888
674,SILIGURI,DELHI,GCR,225.21276
675,SILIGURI,DELHI,GCR,733.4533999999999
676,SILIGURI,GUWAHATI,GCR,3.49304
677,SILIGURI,GUWAHATI,GCR,23.4966
678,SILIGURI,HYDERABAD,GCR,15.92296
679,SILIGURI,HYDERABAD,GCR,78.15823999999999
680,SILIGURI,KOLKATA,GCR,62.83676
681,SILIGURI,KOLKATA,GCR,239.85812
682,SILIGURI,MUMBAI,GCR,22.63968
683,SILIGURI,MUMBAI,GCR,212.75356000000002
684,SURAT,BANGALORE,PRIME,609.4507600000001
685,SURAT,BANGALORE,GCR,406.41388
686,SURAT,CHENNAI,GCR,330.6352
687,SURAT,CHENNAI,GCR,206.47704
688,SURAT,DELHI,GCR,827.45824
689,SURAT,DELHI,GCR,490.76696
690,SURAT,HYDERABAD,GCR,678.3336
691,SURAT,HYDERABAD,GCR,521.53028
692,SURAT,KOLKATA,GCR,307.09292
693,SURAT,KOLKATA,GCR,365.21856
694,SURAT,PUNE,GCR,140.41667999999999
695,SURAT,PUNE,GCR,119.92316
696,TRICHY,BANGALORE,GCR,48.79524
697,TRICHY,BANGALORE,GCR,471.20612
698,TRICHY,CHENNAI,GCR,34.3406
699,TRICHY,CHENNAI,GCR,439.20772
700,TRICHY,HYDERABAD,GCR,25.1058
701,TRICHY,HYDERABAD,GCR,328.6416
702,TRICHY,MUMBAI,GCR,25.03004
703,TRICHY,MUMBAI,GCR,149.61344
704,VARANASI,AHMEDABAD,GCR,9.13288
705,VARANASI,AHMEDABAD,GCR,141.12004
706,VARANASI,BANGALORE,GCR,20.88424
707,VARANASI,BANGALORE,GCR,404.4802
708,VARANASI,BHUBANESHWAR,GCR,3.2301599999999997
709,VARANASI,BHUBANESHWAR,GCR,33.76592
710,VARANASI,CHENNAI,GCR,5.674519999999999
711,VARANASI,CHENNAI,GCR,299.71308
712,VARANASI,COCHIN,GCR,3.0258
713,VARANASI,COCHIN,GCR,149.05704
714,VARANASI,DELHI,GCR,340.69284
715,VARANASI,DELHI,GCR,580.75956
716,VARANASI,HYDERABAD,GCR,28.13756
717,VARANASI,HYDERABAD,GCR,461.84716
718,VARANASI,KOLKATA,GCR,10.552359999999998
719,VARANASI,KOLKATA,GCR,199.75827999999998
720,VARANASI,MUMBAI,GCR,29.448919999999998
721,VARANASI,MUMBAI,GCR,356.54188
722,VARANASI,PUNE,GCR,12.46016
723,VARANASI,PUNE,GCR,156.44604
724,VIJAYAWADA,BANGALORE,GCR,110.68356
725,VIJAYAWADA,BANGALORE,GCR,612.41512
726,VIJAYAWADA,CHENNAI,GCR,70.6208
727,VIJAYAWADA,CHENNAI,GCR,556.9594000000001
728,VIJAYAWADA,DELHI,GCR,75.09331999999999
729,VIJAYAWADA,DELHI,GCR,117.70096
730,VIJAYAWADA,HYDERABAD,GCR,214.9044
731,VIJAYAWADA,HYDERABAD,GCR,2251.61624
732,VIJAYAWADA,MUMBAI,GCR,30.872639999999997
733,VIJAYAWADA,MUMBAI,GCR,109.26452
