Origin_Airport,Destination_Airport,Product_Type,Volume_kg
AGARTALA,AGARTALA,EP_BP,1.5396800000000002
AGARTALA,AGARTALA,ES,15.62112
AGARTALA,AGRA,EP_BP,0.49863999999999997
AGARTALA,AGRA,ES,0.15083999999999997
AGARTALA,AHMEDABAD,EP_BP,1.25736
AGARTALA,AHMEDABAD,ES,2.06032
AGARTALA,BANGALORE,EP_BP,9.9464
AGARTALA,BANGALORE,ES,20.44624
AGARTALA,BARODA,EP_BP,0.68544
AGARTALA,BARODA,ES,0.22551999999999997
AGARTALA,BHUBANESHWAR,EP_BP,1.6980399999999998
AGARTALA,BHUBANESHWAR,ES,3.3094400000000004
AGARTALA,CHANDIGARH,EP_BP,1.99676
AGARTALA,CHANDIGARH,ES,2.42968
AGARTALA,CHENNAI,EP_BP,1.28964
AGARTALA,CHENNAI,ES,4.3404
AGARTALA,COCHIN,EP_BP,0.44528
AGARTALA,COCHIN,ES,4.22332
AGARTALA,COIMBATORE,EP_BP,1.07432
AGARTALA,COIMBATORE,ES,0.87848
AGARTALA,DEHRADUN,EP_BP,0.80844
AGARTALA,DEHRADUN,ES,1.19428
AGARTALA,DELHI,EP_BP,20.13164
AGARTALA,DELHI,ES,21.65144
AGARTALA,DIBRUGARH,EP_BP,2.53988
AGARTALA,DIBRUGARH,ES,3.97388
AGARTALA,GUWAHATI,EP_BP,21.93068
AGARTALA,GUWAHATI,ES,34.77228
AGARTALA,HYDERABAD,EP_BP,2.85936
AGARTALA,HYDERABAD,ES,4.59372
AGARTALA,INDORE,EP_BP,0.056639999999999996
AGARTALA,INDORE,ES,2.04628
AGARTALA,JAIPUR,EP_BP,1.64232
AGARTALA,JAIPUR,ES,1.81712
AGARTALA,KANPUR,EP_BP,0.10324
AGARTALA,KANPUR,ES,1.82108
AGARTALA,KOLKATA,EP_BP,14.41008
AGARTALA,KOLKATA,ES,46.03384
AGARTALA,LUCKNOW,EP_BP,0.83744
AGARTALA,LUCKNOW,ES,0.15744
AGARTALA,MUMBAI,EP_BP,5.78324
AGARTALA,MUMBAI,ES,12.84668
AGARTALA,NAGPUR,EP_BP,0.30352
AGARTALA,NAGPUR,ES,0.33068
AGARTALA,PATNA,EP_BP,0.74532
AGARTALA,PATNA,ES,0.9461999999999999
AGARTALA,PORT BLAIR,EP_BP,0.07384
AGARTALA,PUNE,EP_BP,5.05332
AGARTALA,PUNE,ES,8.86736
AGARTALA,RAIPUR,EP_BP,0.44764
AGARTALA,RAIPUR,ES,0.51132
AGARTALA,RANCHI,EP_BP,0.41251999999999994
AGARTALA,RANCHI,ES,2.44596
AGARTALA,SILIGURI,EP_BP,1.28412
AGARTALA,SILIGURI,ES,2.11684
AGARTALA,SURAT,EP_BP,0.49284
AGARTALA,SURAT,ES,2.4888
AGARTALA,TRICHY,EP_BP,0.0744
AGARTALA,TRICHY,ES,0.2638
AGARTALA,VARANASI,EP_BP,0.29844
AGARTALA,VARANASI,ES,0.26276
AGARTALA,VIJAYAWADA,EP_BP,0.25404
AGARTALA,VIJAYAWADA,ES,1.37488
AGRA,AGARTALA,EP_BP,0.41292
AGRA,AGARTALA,ES,1.9146800000000002
AGRA,AGRA,EP_BP,3.3482399999999997
AGRA,AGRA,ES,125.70168
AGRA,AHMEDABAD,EP_BP,5.87192
AGRA,AHMEDABAD,ES,30.90816
AGRA,BANGALORE,EP_BP,16.37172
AGRA,BANGALORE,ES,77.59796
AGRA,BARODA,EP_BP,0.7071599999999999
AGRA,BARODA,ES,7.01112
AGRA,BHUBANESHWAR,EP_BP,1.0282
AGRA,BHUBANESHWAR,ES,10.57596
AGRA,CHANDIGARH,EP_BP,13.97416
AGRA,CHANDIGARH,ES,87.62348
AGRA,CHENNAI,EP_BP,12.53308
AGRA,CHENNAI,ES,56.538199999999996
AGRA,COCHIN,EP_BP,3.2766800000000003
AGRA,COCHIN,ES,24.27068
AGRA,COIMBATORE,EP_BP,1.3444
AGRA,COIMBATORE,ES,13.30148
AGRA,DEHRADUN,EP_BP,4.14624
AGRA,DEHRADUN,ES,50.17528
AGRA,DELHI,EP_BP,163.92860000000002
AGRA,DELHI,ES,447.68716
AGRA,DIBRUGARH,EP_BP,1.338
AGRA,DIBRUGARH,ES,4.403079999999999
AGRA,GUWAHATI,EP_BP,0.67044
AGRA,GUWAHATI,ES,17.077399999999997
AGRA,HYDERABAD,EP_BP,16.84332
AGRA,HYDERABAD,ES,49.92488
AGRA,INDORE,EP_BP,4.310919999999999
AGRA,INDORE,ES,38.04376
AGRA,JAIPUR,EP_BP,3.2426
AGRA,JAIPUR,ES,59.52416
AGRA,KANPUR,EP_BP,6.89396
AGRA,KANPUR,ES,54.62188
AGRA,KOLKATA,EP_BP,6.0171600000000005
AGRA,KOLKATA,ES,40.76116
AGRA,LUCKNOW,EP_BP,3.7812
AGRA,LUCKNOW,ES,78.12671999999999
AGRA,MUMBAI,EP_BP,17.37488
AGRA,MUMBAI,ES,87.41832
AGRA,NAGPUR,EP_BP,1.3326799999999999
AGRA,NAGPUR,ES,15.315800000000001
AGRA,PATNA,EP_BP,3.7686
AGRA,PATNA,ES,23.72252
AGRA,PORT BLAIR,ES,0.43951999999999997
AGRA,PUNE,EP_BP,11.90676
AGRA,PUNE,ES,44.85096
AGRA,RAIPUR,EP_BP,1.76468
AGRA,RAIPUR,ES,21.18584
AGRA,RANCHI,EP_BP,2.54596
AGRA,RANCHI,ES,12.215440000000001
AGRA,SILIGURI,EP_BP,0.80604
AGRA,SILIGURI,ES,9.10472
AGRA,SURAT,EP_BP,1.58
AGRA,SURAT,ES,11.89396
AGRA,TRICHY,EP_BP,1.4468400000000001
AGRA,TRICHY,ES,6.70188
AGRA,VARANASI,EP_BP,2.82624
AGRA,VARANASI,ES,61.57472
AGRA,VIJAYAWADA,EP_BP,1.8052
AGRA,VIJAYAWADA,ES,8.64884
AHMEDABAD,AGARTALA,EP_BP,24.08144
AHMEDABAD,AGARTALA,ES,36.43544
AHMEDABAD,AGRA,EP_BP,48.87443999999999
AHMEDABAD,AGRA,ES,34.6534
AHMEDABAD,AHMEDABAD,EP_BP,249.34128
AHMEDABAD,AHMEDABAD,ES,215.32404
AHMEDABAD,BANGALORE,EP_BP,286.09732
AHMEDABAD,BANGALORE,ES,456.712
AHMEDABAD,BARODA,EP_BP,53.794959999999996
AHMEDABAD,BARODA,ES,39.76608
AHMEDABAD,BENGALURU,EP_BP,7.61608
AHMEDABAD,BHUBANESHWAR,EP_BP,115.79924
AHMEDABAD,BHUBANESHWAR,ES,151.58852
AHMEDABAD,CHANDIGARH,EP_BP,273.58756
AHMEDABAD,CHANDIGARH,ES,303.70232
AHMEDABAD,CHENNAI,EP_BP,140.07836
AHMEDABAD,CHENNAI,ES,346.31832
AHMEDABAD,COCHIN,EP_BP,212.3102
AHMEDABAD,COCHIN,ES,288.53172
AHMEDABAD,COIMBATORE,EP_BP,86.47856
AHMEDABAD,COIMBATORE,ES,137.55824
AHMEDABAD,DEHRADUN,EP_BP,78.34912
AHMEDABAD,DEHRADUN,ES,78.77512
AHMEDABAD,DELHI,EP_BP,656.90872
AHMEDABAD,DELHI,ES,571.20704
AHMEDABAD,DIBRUGARH,EP_BP,21.19988
AHMEDABAD,DIBRUGARH,ES,71.80492
AHMEDABAD,GUWAHATI,EP_BP,37.0358
AHMEDABAD,GUWAHATI,ES,125.16516
AHMEDABAD,HYDERABAD,EP_BP,275.90427999999997
AHMEDABAD,HYDERABAD,ES,376.4014
AHMEDABAD,INDORE,EP_BP,140.01748
AHMEDABAD,INDORE,ES,63.93448
AHMEDABAD,JAIPUR,EP_BP,109.96388
AHMEDABAD,JAIPUR,ES,91.84476
AHMEDABAD,KANPUR,EP_BP,30.22052
AHMEDABAD,KANPUR,ES,41.5802
AHMEDABAD,KOLKATA,EP_BP,314.016
AHMEDABAD,KOLKATA,ES,446.26716
AHMEDABAD,LUCKNOW,EP_BP,80.04384
AHMEDABAD,LUCKNOW,ES,84.46252
AHMEDABAD,MUMBAI,EP_BP,264.94628
AHMEDABAD,MUMBAI,ES,250.74928
AHMEDABAD,NAGPUR,EP_BP,75.44344
AHMEDABAD,NAGPUR,ES,65.59908
AHMEDABAD,PATNA,EP_BP,149.09848
AHMEDABAD,PATNA,ES,240.78524
AHMEDABAD,PORT BLAIR,EP_BP,0.7167600000000001
AHMEDABAD,PORT BLAIR,ES,1.68164
AHMEDABAD,PUNE,EP_BP,270.67216
AHMEDABAD,PUNE,ES,209.11264
AHMEDABAD,RAIPUR,EP_BP,41.70528
AHMEDABAD,RAIPUR,ES,122.32136
AHMEDABAD,RANCHI,EP_BP,50.423120000000004
AHMEDABAD,RANCHI,ES,146.04024
AHMEDABAD,SILIGURI,EP_BP,36.490680000000005
AHMEDABAD,SILIGURI,ES,100.31412
AHMEDABAD,SURAT,EP_BP,83.8476
AHMEDABAD,SURAT,ES,54.57952
AHMEDABAD,TRICHY,EP_BP,83.30896
AHMEDABAD,TRICHY,ES,66.00052
AHMEDABAD,VARANASI,EP_BP,57.545120000000004
AHMEDABAD,VARANASI,ES,113.1312
AHMEDABAD,VIJAYAWADA,EP_BP,30.11328
AHMEDABAD,VIJAYAWADA,ES,145.33308
BANGALORE,AGARTALA,EP_BP,11.63008
BANGALORE,AGARTALA,ES,43.16988
BANGALORE,AGRA,EP_BP,47.1306
BANGALORE,AGRA,ES,101.72504
BANGALORE,AHMEDABAD,EP_BP,225.5182
BANGALORE,AHMEDABAD,ES,472.04412
BANGALORE,BANGALORE,EP_BP,1208.4359200000001
BANGALORE,BANGALORE,ES,5518.78116
BANGALORE,BARODA,EP_BP,45.03572
BANGALORE,BARODA,ES,144.91524
BANGALORE,BENGALURU,EP_BP,15.99488
BANGALORE,BENGALURU,ES,0.32799999999999996
BANGALORE,BHUBANESHWAR,EP_BP,72.85864
BANGALORE,BHUBANESHWAR,ES,221.1398
BANGALORE,CHANDIGARH,EP_BP,243.57256
BANGALORE,CHANDIGARH,ES,568.60564
BANGALORE,CHENNAI,EP_BP,569.57576
BANGALORE,CHENNAI,ES,1240.7768800000001
BANGALORE,COCHIN,EP_BP,372.02684
BANGALORE,COCHIN,ES,1138.1942
BANGALORE,COIMBATORE,EP_BP,155.55188
BANGALORE,COIMBATORE,ES,478.05944
BANGALORE,DEHRADUN,EP_BP,53.94564
BANGALORE,DEHRADUN,ES,158.90644
BANGALORE,DELHI,EP_BP,1672.97712
BANGALORE,DELHI,ES,2107.81836
BANGALORE,DIBRUGARH,EP_BP,23.10472
BANGALORE,DIBRUGARH,ES,53.609519999999996
BANGALORE,GUWAHATI,EP_BP,40.1484
BANGALORE,GUWAHATI,ES,182.49728000000002
BANGALORE,HYDERABAD,EP_BP,685.06308
BANGALORE,HYDERABAD,ES,1727.27548
BANGALORE,INDORE,EP_BP,90.13368
BANGALORE,INDORE,ES,248.86232
BANGALORE,JAIPUR,EP_BP,131.86272
BANGALORE,JAIPUR,ES,299.2592
BANGALORE,KANPUR,EP_BP,32.50112
BANGALORE,KANPUR,ES,88.83828
BANGALORE,KOLKATA,EP_BP,345.61876
BANGALORE,KOLKATA,ES,677.80744
BANGALORE,LUCKNOW,EP_BP,122.09448
BANGALORE,LUCKNOW,ES,185.16891999999999
BANGALORE,MUMBAI,EP_BP,858.7502
BANGALORE,MUMBAI,ES,1589.27924
BANGALORE,NAGPUR,EP_BP,72.46212
BANGALORE,NAGPUR,ES,175.43288
BANGALORE,PATNA,EP_BP,166.26688
BANGALORE,PATNA,ES,393.36164
BANGALORE,PORT BLAIR,EP_BP,4.56244
BANGALORE,PORT BLAIR,ES,9.04928
BANGALORE,PUNE,EP_BP,556.20068
BANGALORE,PUNE,ES,1127.86408
BANGALORE,RAIPUR,EP_BP,82.67984
BANGALORE,RAIPUR,ES,277.20232
BANGALORE,RANCHI,EP_BP,61.679680000000005
BANGALORE,RANCHI,ES,198.74887999999999
BANGALORE,SILIGURI,EP_BP,32.44372
BANGALORE,SILIGURI,ES,110.63664
BANGALORE,SURAT,EP_BP,88.6734
BANGALORE,SURAT,ES,191.26852
BANGALORE,TRICHY,EP_BP,79.66268
BANGALORE,TRICHY,ES,231.52324
BANGALORE,VARANASI,EP_BP,53.8752
BANGALORE,VARANASI,ES,165.66124
BANGALORE,VIJAYAWADA,EP_BP,117.67564
BANGALORE,VIJAYAWADA,ES,486.48172
BARODA,AGARTALA,EP_BP,1.49472
BARODA,AGARTALA,ES,2.6600800000000002
BARODA,AGRA,EP_BP,0.788
BARODA,AGRA,ES,13.241439999999999
BARODA,AHMEDABAD,EP_BP,2.27696
BARODA,AHMEDABAD,ES,18.25208
BARODA,BANGALORE,EP_BP,10.835
BARODA,BANGALORE,ES,128.45108
BARODA,BARODA,EP_BP,1.0408
BARODA,BARODA,ES,9.44928
BARODA,BENGALURU,EP_BP,1.42708
BARODA,BHUBANESHWAR,EP_BP,5.61864
BARODA,BHUBANESHWAR,ES,28.99876
BARODA,CHANDIGARH,EP_BP,13.349680000000001
BARODA,CHANDIGARH,ES,76.33168
BARODA,CHENNAI,EP_BP,5.50852
BARODA,CHENNAI,ES,76.07468
BARODA,COCHIN,EP_BP,1.94336
BARODA,COCHIN,ES,48.40004
BARODA,COIMBATORE,EP_BP,4.5458
BARODA,COIMBATORE,ES,36.89016
BARODA,DEHRADUN,EP_BP,2.37724
BARODA,DEHRADUN,ES,14.78412
BARODA,DELHI,EP_BP,31.49932
BARODA,DELHI,ES,144.66028
BARODA,DIBRUGARH,EP_BP,3.6166
BARODA,DIBRUGARH,ES,14.969199999999999
BARODA,GUWAHATI,EP_BP,3.01508
BARODA,GUWAHATI,ES,30.801
BARODA,HYDERABAD,EP_BP,8.49848
BARODA,HYDERABAD,ES,90.54728
BARODA,INDORE,EP_BP,0.53792
BARODA,INDORE,ES,16.76984
BARODA,JAIPUR,EP_BP,1.87952
BARODA,JAIPUR,ES,11.00968
BARODA,KANPUR,EP_BP,0.46768000000000004
BARODA,KANPUR,ES,19.303079999999998
BARODA,KOLKATA,EP_BP,46.20344000000001
BARODA,KOLKATA,ES,103.07192
BARODA,LUCKNOW,EP_BP,2.89004
BARODA,LUCKNOW,ES,29.043920000000004
BARODA,MUMBAI,EP_BP,4.50464
BARODA,MUMBAI,ES,47.11052
BARODA,NAGPUR,EP_BP,0.23171999999999998
BARODA,NAGPUR,ES,9.75856
BARODA,PATNA,EP_BP,4.17908
BARODA,PATNA,ES,46.72844
BARODA,PORT BLAIR,EP_BP,0.0308
BARODA,PORT BLAIR,ES,0.14096
BARODA,PUNE,EP_BP,5.71416
BARODA,PUNE,ES,51.43256
BARODA,RAIPUR,EP_BP,2.79332
BARODA,RAIPUR,ES,20.45108
BARODA,RANCHI,EP_BP,0.91952
BARODA,RANCHI,ES,22.99332
BARODA,SILIGURI,EP_BP,1.23644
BARODA,SILIGURI,ES,9.84544
BARODA,SURAT,EP_BP,6.633160000000001
BARODA,SURAT,ES,8.354
BARODA,TRICHY,EP_BP,1.39892
BARODA,TRICHY,ES,20.40916
BARODA,VARANASI,EP_BP,1.274
BARODA,VARANASI,ES,26.228839999999998
BARODA,VIJAYAWADA,EP_BP,1.18992
BARODA,VIJAYAWADA,ES,29.48444
BENGALURU,AGARTALA,EP_BP,3.7836
BENGALURU,AGRA,EP_BP,1.0206
BENGALURU,AHMEDABAD,EP_BP,9.63408
BENGALURU,BANGALORE,EP_BP,125.32263999999999
BENGALURU,BANGALORE,ES,18.39572
BENGALURU,BARODA,EP_BP,3.4282
BENGALURU,BARODA,ES,0.008
BENGALURU,BHUBANESHWAR,EP_BP,5.99792
BENGALURU,BHUBANESHWAR,ES,0.156
BENGALURU,CHANDIGARH,EP_BP,7.71572
BENGALURU,CHANDIGARH,ES,0.39816
BENGALURU,CHENNAI,EP_BP,79.93368
BENGALURU,CHENNAI,ES,1.11776
BENGALURU,COCHIN,EP_BP,41.62836
BENGALURU,COCHIN,ES,0.32268
BENGALURU,COIMBATORE,EP_BP,24.77316
BENGALURU,COIMBATORE,ES,0.28936
BENGALURU,DEHRADUN,EP_BP,3.26688
BENGALURU,DELHI,EP_BP,32.566559999999996
BENGALURU,DELHI,ES,1.57264
BENGALURU,DIBRUGARH,EP_BP,1.6648
BENGALURU,GUWAHATI,EP_BP,2.2602
BENGALURU,HYDERABAD,EP_BP,43.81344
BENGALURU,HYDERABAD,ES,0.20379999999999998
BENGALURU,INDORE,EP_BP,7.180479999999999
BENGALURU,INDORE,ES,0.692
BENGALURU,JAIPUR,EP_BP,6.60888
BENGALURU,JAIPUR,ES,0.004
BENGALURU,KANPUR,EP_BP,1.1106399999999998
BENGALURU,KANPUR,ES,0.25392000000000003
BENGALURU,KOLKATA,EP_BP,16.16744
BENGALURU,KOLKATA,ES,0.0206
BENGALURU,LUCKNOW,EP_BP,4.10092
BENGALURU,LUCKNOW,ES,0.053919999999999996
BENGALURU,MUMBAI,EP_BP,48.94152
BENGALURU,MUMBAI,ES,1.66364
BENGALURU,NAGPUR,EP_BP,7.17812
BENGALURU,NAGPUR,ES,0.976
BENGALURU,PATNA,EP_BP,8.04856
BENGALURU,PATNA,ES,0.16332000000000002
BENGALURU,PUNE,EP_BP,42.6986
BENGALURU,PUNE,ES,0.9739999999999999
BENGALURU,RAIPUR,EP_BP,6.36408
BENGALURU,RAIPUR,ES,1.6
BENGALURU,RANCHI,EP_BP,3.13124
BENGALURU,RANCHI,ES,0.392
BENGALURU,SILIGURI,EP_BP,0.6433599999999999
BENGALURU,SURAT,EP_BP,4.05768
BENGALURU,TRICHY,EP_BP,19.80252
BENGALURU,TRICHY,ES,0.524
BENGALURU,VARANASI,EP_BP,2.2108
BENGALURU,VARANASI,ES,0.02084
BENGALURU,VIJAYAWADA,EP_BP,11.917
BENGALURU,VIJAYAWADA,ES,0.16144000000000003
BHUBANESHWAR,AGARTALA,EP_BP,0.35152
BHUBANESHWAR,AGARTALA,ES,1.59912
BHUBANESHWAR,AGRA,EP_BP,2.045
BHUBANESHWAR,AGRA,ES,2.89796
BHUBANESHWAR,AHMEDABAD,EP_BP,6.5941600000000005
BHUBANESHWAR,AHMEDABAD,ES,23.78728
BHUBANESHWAR,BANGALORE,EP_BP,41.6818
BHUBANESHWAR,BANGALORE,ES,99.69768
BHUBANESHWAR,BARODA,EP_BP,2.53532
BHUBANESHWAR,BARODA,ES,5.7354
BHUBANESHWAR,BENGALURU,EP_BP,0.04
BHUBANESHWAR,BHUBANESHWAR,EP_BP,110.59284
BHUBANESHWAR,BHUBANESHWAR,ES,232.94531999999998
BHUBANESHWAR,CHANDIGARH,EP_BP,18.408640000000002
BHUBANESHWAR,CHANDIGARH,ES,19.00032
BHUBANESHWAR,CHENNAI,EP_BP,16.68368
BHUBANESHWAR,CHENNAI,ES,54.40144
BHUBANESHWAR,COCHIN,EP_BP,5.05396
BHUBANESHWAR,COCHIN,ES,12.21184
BHUBANESHWAR,COIMBATORE,EP_BP,3.06184
BHUBANESHWAR,COIMBATORE,ES,16.428559999999997
BHUBANESHWAR,DEHRADUN,EP_BP,3.6133200000000003
BHUBANESHWAR,DEHRADUN,ES,3.25164
BHUBANESHWAR,DELHI,EP_BP,163.8932
BHUBANESHWAR,DELHI,ES,165.9236
BHUBANESHWAR,DIBRUGARH,EP_BP,0.5021599999999999
BHUBANESHWAR,DIBRUGARH,ES,1.4288
BHUBANESHWAR,GUWAHATI,EP_BP,3.7742799999999996
BHUBANESHWAR,GUWAHATI,ES,10.05692
BHUBANESHWAR,HYDERABAD,EP_BP,32.5022
BHUBANESHWAR,HYDERABAD,ES,60.58784
BHUBANESHWAR,INDORE,EP_BP,4.15248
BHUBANESHWAR,INDORE,ES,20.2296
BHUBANESHWAR,JAIPUR,EP_BP,7.163
BHUBANESHWAR,JAIPUR,ES,14.32968
BHUBANESHWAR,KANPUR,EP_BP,3.12824
BHUBANESHWAR,KANPUR,ES,1.78996
BHUBANESHWAR,KOLKATA,EP_BP,82.9662
BHUBANESHWAR,KOLKATA,ES,167.33484
BHUBANESHWAR,LUCKNOW,EP_BP,2.94612
BHUBANESHWAR,LUCKNOW,ES,4.81968
BHUBANESHWAR,MUMBAI,EP_BP,43.63244
BHUBANESHWAR,MUMBAI,ES,75.00232
BHUBANESHWAR,NAGPUR,EP_BP,2.4722399999999998
BHUBANESHWAR,NAGPUR,ES,5.3252
BHUBANESHWAR,PATNA,EP_BP,14.280520000000001
BHUBANESHWAR,PATNA,ES,51.613
BHUBANESHWAR,PORT BLAIR,EP_BP,0.008
BHUBANESHWAR,PORT BLAIR,ES,4.166239999999999
BHUBANESHWAR,PUNE,EP_BP,34.0824
BHUBANESHWAR,PUNE,ES,67.34092
BHUBANESHWAR,RAIPUR,EP_BP,24.61104
BHUBANESHWAR,RAIPUR,ES,50.09552
BHUBANESHWAR,RANCHI,EP_BP,18.68428
BHUBANESHWAR,RANCHI,ES,41.757600000000004
BHUBANESHWAR,SILIGURI,EP_BP,2.3684
BHUBANESHWAR,SILIGURI,ES,4.3618
BHUBANESHWAR,SURAT,EP_BP,4.94036
BHUBANESHWAR,SURAT,ES,7.768
BHUBANESHWAR,TRICHY,EP_BP,2.7455199999999995
BHUBANESHWAR,TRICHY,ES,2.69648
BHUBANESHWAR,VARANASI,EP_BP,3.15756
BHUBANESHWAR,VARANASI,ES,8.42708
BHUBANESHWAR,VIJAYAWADA,EP_BP,3.6188400000000005
BHUBANESHWAR,VIJAYAWADA,ES,6.38988
CHANDIGARH,AGARTALA,EP_BP,22.81844
CHANDIGARH,AGARTALA,ES,75.78904
CHANDIGARH,AGRA,EP_BP,32.281279999999995
CHANDIGARH,AGRA,ES,118.06416
CHANDIGARH,AHMEDABAD,EP_BP,83.23504
CHANDIGARH,AHMEDABAD,ES,245.49216
CHANDIGARH,BANGALORE,EP_BP,238.62184
CHANDIGARH,BANGALORE,ES,591.7754
CHANDIGARH,BARODA,EP_BP,18.094640000000002
CHANDIGARH,BARODA,ES,49.7628
CHANDIGARH,BHUBANESHWAR,EP_BP,34.0412
CHANDIGARH,BHUBANESHWAR,ES,122.71708
CHANDIGARH,CHANDIGARH,EP_BP,561.37204
CHANDIGARH,CHANDIGARH,ES,4261.24876
CHANDIGARH,CHENNAI,EP_BP,120.5484
CHANDIGARH,CHENNAI,ES,384.88044
CHANDIGARH,COCHIN,EP_BP,166.36708
CHANDIGARH,COCHIN,ES,284.14604
CHANDIGARH,COIMBATORE,EP_BP,155.7636
CHANDIGARH,COIMBATORE,ES,178.32216
CHANDIGARH,DEHRADUN,EP_BP,48.511
CHANDIGARH,DEHRADUN,ES,241.41056
CHANDIGARH,DELHI,EP_BP,1371.60644
CHANDIGARH,DELHI,ES,2591.46604
CHANDIGARH,DIBRUGARH,EP_BP,11.098320000000001
CHANDIGARH,DIBRUGARH,ES,74.73144
CHANDIGARH,GUWAHATI,EP_BP,29.8106
CHANDIGARH,GUWAHATI,ES,139.0136
CHANDIGARH,HYDERABAD,EP_BP,126.62848
CHANDIGARH,HYDERABAD,ES,394.0918
CHANDIGARH,INDORE,EP_BP,51.26316
CHANDIGARH,INDORE,ES,133.75216
CHANDIGARH,JAIPUR,EP_BP,70.67712
CHANDIGARH,JAIPUR,ES,266.52288
CHANDIGARH,KANPUR,EP_BP,33.65572
CHANDIGARH,KANPUR,ES,84.82563999999999
CHANDIGARH,KOLKATA,EP_BP,83.2756
CHANDIGARH,KOLKATA,ES,430.76460000000003
CHANDIGARH,LUCKNOW,EP_BP,84.6524
CHANDIGARH,LUCKNOW,ES,155.4866
CHANDIGARH,MUMBAI,EP_BP,326.99092
CHANDIGARH,MUMBAI,ES,715.37492
CHANDIGARH,NAGPUR,EP_BP,27.4676
CHANDIGARH,NAGPUR,ES,100.40252
CHANDIGARH,PATNA,EP_BP,42.17564
CHANDIGARH,PATNA,ES,158.93132
CHANDIGARH,PORT BLAIR,EP_BP,0.15956
CHANDIGARH,PORT BLAIR,ES,6.22452
CHANDIGARH,PUNE,EP_BP,162.81128
CHANDIGARH,PUNE,ES,374.54932
CHANDIGARH,RAIPUR,EP_BP,33.29332
CHANDIGARH,RAIPUR,ES,159.12072
CHANDIGARH,RANCHI,EP_BP,31.28492
CHANDIGARH,RANCHI,ES,99.1794
CHANDIGARH,SILIGURI,EP_BP,21.1888
CHANDIGARH,SILIGURI,ES,84.54988
CHANDIGARH,SURAT,EP_BP,37.47932
CHANDIGARH,SURAT,ES,107.29208
CHANDIGARH,TRICHY,EP_BP,20.9174
CHANDIGARH,TRICHY,ES,76.72408
CHANDIGARH,VARANASI,EP_BP,71.88992
CHANDIGARH,VARANASI,ES,147.95596
CHANDIGARH,VIJAYAWADA,EP_BP,20.52508
CHANDIGARH,VIJAYAWADA,ES,105.49448
CHENNAI,AGARTALA,EP_BP,4.05164
CHENNAI,AGARTALA,ES,26.168960000000002
CHENNAI,AGRA,EP_BP,12.2116
CHENNAI,AGRA,ES,82.33024
CHENNAI,AHMEDABAD,EP_BP,123.17264
CHENNAI,AHMEDABAD,ES,328.5716
CHENNAI,BANGALORE,EP_BP,580.47528
CHENNAI,BANGALORE,ES,1321.39796
CHENNAI,BARODA,EP_BP,28.89252
CHENNAI,BARODA,ES,100.68776
CHENNAI,BENGALURU,ES,0.08
CHENNAI,BHUBANESHWAR,EP_BP,47.4202
CHENNAI,BHUBANESHWAR,ES,155.74768
CHENNAI,CHANDIGARH,EP_BP,93.71348
CHENNAI,CHANDIGARH,ES,288.9498
CHENNAI,CHENNAI,EP_BP,273.97688
CHENNAI,CHENNAI,ES,1555.761
CHENNAI,COCHIN,EP_BP,208.08044
CHENNAI,COCHIN,ES,558.4594
CHENNAI,COIMBATORE,EP_BP,164.68308
CHENNAI,COIMBATORE,ES,459.57144
CHENNAI,DEHRADUN,EP_BP,14.49256
CHENNAI,DEHRADUN,ES,106.34684
CHENNAI,DELHI,EP_BP,614.96368
CHENNAI,DELHI,ES,1217.10128
CHENNAI,DIBRUGARH,EP_BP,5.31424
CHENNAI,DIBRUGARH,ES,19.70736
CHENNAI,GUWAHATI,EP_BP,28.57992
CHENNAI,GUWAHATI,ES,125.30028
CHENNAI,HYDERABAD,EP_BP,325.36228
CHENNAI,HYDERABAD,ES,1088.07068
CHENNAI,INDORE,EP_BP,39.05932
CHENNAI,INDORE,ES,188.57756
CHENNAI,JAIPUR,EP_BP,46.09196
CHENNAI,JAIPUR,ES,165.50332
CHENNAI,KANPUR,EP_BP,15.62972
CHENNAI,KANPUR,ES,31.79988
CHENNAI,KOLKATA,EP_BP,164.78228000000001
CHENNAI,KOLKATA,ES,300.85052
CHENNAI,LUCKNOW,EP_BP,29.09948
CHENNAI,LUCKNOW,ES,84.12671999999999
CHENNAI,MUMBAI,EP_BP,605.68816
CHENNAI,MUMBAI,ES,674.72108
CHENNAI,NAGPUR,EP_BP,40.36052
CHENNAI,NAGPUR,ES,114.74828000000001
CHENNAI,PATNA,EP_BP,78.12276
CHENNAI,PATNA,ES,315.09644000000003
CHENNAI,PORT BLAIR,EP_BP,0.87208
CHENNAI,PORT BLAIR,ES,10.620679999999998
CHENNAI,PUNE,EP_BP,230.79984
CHENNAI,PUNE,ES,530.29744
CHENNAI,RAIPUR,EP_BP,40.79848
CHENNAI,RAIPUR,ES,178.86772
CHENNAI,RANCHI,EP_BP,19.18432
CHENNAI,RANCHI,ES,91.269
CHENNAI,SILIGURI,EP_BP,10.29572
CHENNAI,SILIGURI,ES,39.33552
CHENNAI,SURAT,EP_BP,31.43048
CHENNAI,SURAT,ES,130.71716
CHENNAI,TRICHY,EP_BP,98.28224
CHENNAI,TRICHY,ES,331.94528
CHENNAI,VARANASI,EP_BP,14.79852
CHENNAI,VARANASI,ES,72.35376000000001
CHENNAI,VIJAYAWADA,EP_BP,82.77664
CHENNAI,VIJAYAWADA,ES,485.36556
COCHIN,AGARTALA,EP_BP,5.2874
COCHIN,AGARTALA,ES,6.41976
COCHIN,AGRA,EP_BP,10.68228
COCHIN,AGRA,ES,19.28404
COCHIN,AHMEDABAD,EP_BP,73.66264
COCHIN,AHMEDABAD,ES,101.97804
COCHIN,BANGALORE,EP_BP,428.1354
COCHIN,BANGALORE,ES,1563.4911200000001
COCHIN,BARODA,EP_BP,13.15508
COCHIN,BARODA,ES,25.2134
COCHIN,BENGALURU,ES,0.004
COCHIN,BHUBANESHWAR,EP_BP,41.42952
COCHIN,BHUBANESHWAR,ES,25.79896
COCHIN,CHANDIGARH,EP_BP,89.19923999999999
COCHIN,CHANDIGARH,ES,99.84756
COCHIN,CHENNAI,EP_BP,230.74016
COCHIN,CHENNAI,ES,664.0056
COCHIN,COCHIN,EP_BP,1802.5312000000001
COCHIN,COCHIN,ES,13502.57212
COCHIN,COIMBATORE,EP_BP,255.21864000000002
COCHIN,COIMBATORE,ES,1870.7606
COCHIN,DEHRADUN,EP_BP,16.6336
COCHIN,DEHRADUN,ES,23.91704
COCHIN,DELHI,EP_BP,517.5563999999999
COCHIN,DELHI,ES,492.46316
COCHIN,DIBRUGARH,EP_BP,10.156
COCHIN,DIBRUGARH,ES,13.78472
COCHIN,GUWAHATI,EP_BP,75.35648
COCHIN,GUWAHATI,ES,45.531319999999994
COCHIN,HYDERABAD,EP_BP,265.10548
COCHIN,HYDERABAD,ES,293.78356
COCHIN,INDORE,EP_BP,27.108719999999998
COCHIN,INDORE,ES,37.81336
COCHIN,JAIPUR,EP_BP,44.540760000000006
COCHIN,JAIPUR,ES,47.62584
COCHIN,KANPUR,EP_BP,10.21448
COCHIN,KANPUR,ES,10.72644
COCHIN,KOLKATA,EP_BP,262.84584
COCHIN,KOLKATA,ES,105.94728
COCHIN,LUCKNOW,EP_BP,25.79096
COCHIN,LUCKNOW,ES,20.65808
COCHIN,MUMBAI,EP_BP,217.70428
COCHIN,MUMBAI,ES,379.3032
COCHIN,NAGPUR,EP_BP,56.85967999999999
COCHIN,NAGPUR,ES,26.58408
COCHIN,PATNA,EP_BP,57.85996
COCHIN,PATNA,ES,60.38528
COCHIN,PORT BLAIR,EP_BP,2.8249199999999997
COCHIN,PORT BLAIR,ES,6.11128
COCHIN,PUNE,EP_BP,113.38432
COCHIN,PUNE,ES,171.50512
COCHIN,RAIPUR,EP_BP,47.57112
COCHIN,RAIPUR,ES,28.79524
COCHIN,RANCHI,EP_BP,12.96252
COCHIN,RANCHI,ES,20.21452
COCHIN,SILIGURI,EP_BP,13.50608
COCHIN,SILIGURI,ES,15.64416
COCHIN,SURAT,EP_BP,30.56192
COCHIN,SURAT,ES,65.18676
COCHIN,TRICHY,EP_BP,42.51528
COCHIN,TRICHY,ES,208.83408
COCHIN,VARANASI,EP_BP,14.89216
COCHIN,VARANASI,ES,27.08684
COCHIN,VIJAYAWADA,EP_BP,70.22467999999999
COCHIN,VIJAYAWADA,ES,83.82828
COIMBATORE,AGARTALA,EP_BP,4.0033199999999995
COIMBATORE,AGARTALA,ES,6.25704
COIMBATORE,AGRA,EP_BP,11.79856
COIMBATORE,AGRA,ES,24.4226
COIMBATORE,AHMEDABAD,EP_BP,58.63128
COIMBATORE,AHMEDABAD,ES,127.26256
COIMBATORE,BANGALORE,EP_BP,302.22952
COIMBATORE,BANGALORE,ES,958.18468
COIMBATORE,BARODA,EP_BP,16.27048
COIMBATORE,BARODA,ES,22.2502
COIMBATORE,BHUBANESHWAR,EP_BP,19.83308
COIMBATORE,BHUBANESHWAR,ES,39.873239999999996
COIMBATORE,CHANDIGARH,EP_BP,63.65184
COIMBATORE,CHANDIGARH,ES,171.57964
COIMBATORE,CHENNAI,EP_BP,190.58676
COIMBATORE,CHENNAI,ES,768.3863200000001
COIMBATORE,COCHIN,EP_BP,217.30324
COIMBATORE,COCHIN,ES,2113.75728
COIMBATORE,COIMBATORE,EP_BP,95.22112
COIMBATORE,COIMBATORE,ES,969.59424
COIMBATORE,DEHRADUN,EP_BP,15.129760000000001
COIMBATORE,DEHRADUN,ES,23.70676
COIMBATORE,DELHI,EP_BP,255.64216
COIMBATORE,DELHI,ES,448.28732
COIMBATORE,DIBRUGARH,EP_BP,4.7934
COIMBATORE,DIBRUGARH,ES,7.92576
COIMBATORE,GUWAHATI,EP_BP,15.0686
COIMBATORE,GUWAHATI,ES,17.55772
COIMBATORE,HYDERABAD,EP_BP,206.63036
COIMBATORE,HYDERABAD,ES,370.25648
COIMBATORE,INDORE,EP_BP,20.96824
COIMBATORE,INDORE,ES,68.70960000000001
COIMBATORE,JAIPUR,EP_BP,37.59268
COIMBATORE,JAIPUR,ES,80.4934
COIMBATORE,KANPUR,EP_BP,8.97672
COIMBATORE,KANPUR,ES,13.454640000000001
COIMBATORE,KOLKATA,EP_BP,61.96844
COIMBATORE,KOLKATA,ES,173.0734
COIMBATORE,LUCKNOW,EP_BP,19.51852
COIMBATORE,LUCKNOW,ES,22.14148
COIMBATORE,MUMBAI,EP_BP,164.82496
COIMBATORE,MUMBAI,ES,357.80644
COIMBATORE,NAGPUR,EP_BP,17.06512
COIMBATORE,NAGPUR,ES,34.02288
COIMBATORE,PATNA,EP_BP,53.65488
COIMBATORE,PATNA,ES,75.11556
COIMBATORE,PORT BLAIR,EP_BP,1.24648
COIMBATORE,PORT BLAIR,ES,1.15772
COIMBATORE,PUNE,EP_BP,89.13512
COIMBATORE,PUNE,ES,215.47024
COIMBATORE,RAIPUR,EP_BP,16.88576
COIMBATORE,RAIPUR,ES,55.11456
COIMBATORE,RANCHI,EP_BP,19.06388
COIMBATORE,RANCHI,ES,36.367960000000004
COIMBATORE,SILIGURI,EP_BP,10.7454
COIMBATORE,SILIGURI,ES,19.70788
COIMBATORE,SURAT,EP_BP,26.44896
COIMBATORE,SURAT,ES,68.90984
COIMBATORE,TRICHY,EP_BP,63.48868
COIMBATORE,TRICHY,ES,455.71927999999997
COIMBATORE,VARANASI,EP_BP,19.15844
COIMBATORE,VARANASI,ES,26.119439999999997
COIMBATORE,VIJAYAWADA,EP_BP,94.56656000000001
COIMBATORE,VIJAYAWADA,ES,132.5832
DEHRADUN,AGARTALA,EP_BP,0.33168000000000003
DEHRADUN,AGARTALA,ES,2.801
DEHRADUN,AGRA,EP_BP,3.92808
DEHRADUN,AGRA,ES,37.8814
DEHRADUN,AHMEDABAD,EP_BP,10.31796
DEHRADUN,AHMEDABAD,ES,50.09368
DEHRADUN,BANGALORE,EP_BP,47.73208
DEHRADUN,BANGALORE,ES,109.5914
DEHRADUN,BARODA,EP_BP,3.13148
DEHRADUN,BARODA,ES,8.17412
DEHRADUN,BHUBANESHWAR,EP_BP,3.63896
DEHRADUN,BHUBANESHWAR,ES,15.58656
DEHRADUN,CHANDIGARH,EP_BP,45.34632
DEHRADUN,CHANDIGARH,ES,157.1684
DEHRADUN,CHENNAI,EP_BP,18.36748
DEHRADUN,CHENNAI,ES,70.33676
DEHRADUN,COCHIN,EP_BP,5.47428
DEHRADUN,COCHIN,ES,29.12976
DEHRADUN,COIMBATORE,EP_BP,5.54392
DEHRADUN,COIMBATORE,ES,11.74324
DEHRADUN,DEHRADUN,EP_BP,11.81208
DEHRADUN,DEHRADUN,ES,159.63888
DEHRADUN,DELHI,EP_BP,375.35808
DEHRADUN,DELHI,ES,621.54288
DEHRADUN,DIBRUGARH,EP_BP,0.7746000000000001
DEHRADUN,DIBRUGARH,ES,6.51156
DEHRADUN,GUWAHATI,EP_BP,4.7144
DEHRADUN,GUWAHATI,ES,21.71184
DEHRADUN,HYDERABAD,EP_BP,27.43688
DEHRADUN,HYDERABAD,ES,55.32412
DEHRADUN,INDORE,EP_BP,3.64412
DEHRADUN,INDORE,ES,24.28312
DEHRADUN,JAIPUR,EP_BP,10.38824
DEHRADUN,JAIPUR,ES,44.49832
DEHRADUN,KANPUR,EP_BP,2.64184
DEHRADUN,KANPUR,ES,26.302239999999998
DEHRADUN,KOLKATA,EP_BP,17.1422
DEHRADUN,KOLKATA,ES,53.535560000000004
DEHRADUN,LUCKNOW,EP_BP,13.522120000000001
DEHRADUN,LUCKNOW,ES,66.57712000000001
DEHRADUN,MUMBAI,EP_BP,52.35024
DEHRADUN,MUMBAI,ES,124.94552
DEHRADUN,NAGPUR,EP_BP,2.36508
DEHRADUN,NAGPUR,ES,21.571920000000002
DEHRADUN,PATNA,EP_BP,7.369
DEHRADUN,PATNA,ES,24.54584
DEHRADUN,PORT BLAIR,EP_BP,0.06872
DEHRADUN,PORT BLAIR,ES,6.337999999999999
DEHRADUN,PUNE,EP_BP,18.72552
DEHRADUN,PUNE,ES,70.29996
DEHRADUN,RAIPUR,EP_BP,5.60724
DEHRADUN,RAIPUR,ES,29.34824
DEHRADUN,RANCHI,EP_BP,5.80384
DEHRADUN,RANCHI,ES,15.14068
DEHRADUN,SILIGURI,EP_BP,4.41844
DEHRADUN,SILIGURI,ES,9.421520000000001
DEHRADUN,SURAT,EP_BP,3.28344
DEHRADUN,SURAT,ES,19.64412
DEHRADUN,TRICHY,EP_BP,1.73112
DEHRADUN,TRICHY,ES,15.01112
DEHRADUN,VARANASI,EP_BP,11.39396
DEHRADUN,VARANASI,ES,38.25928
DEHRADUN,VIJAYAWADA,EP_BP,1.314
DEHRADUN,VIJAYAWADA,ES,10.30516
DELHI,AGARTALA,EP_BP,104.15820000000001
DELHI,AGARTALA,ES,250.15092
DELHI,AGRA,EP_BP,333.44552
DELHI,AGRA,ES,614.7594799999999
DELHI,AHMEDABAD,EP_BP,1102.52676
DELHI,AHMEDABAD,ES,1021.71752
DELHI,BANGALORE,EP_BP,3173.94084
DELHI,BANGALORE,ES,3085.85476
DELHI,BARODA,EP_BP,213.84968
DELHI,BARODA,ES,234.38436000000002
DELHI,BENGALURU,ES,0.15200000000000002
DELHI,BHUBANESHWAR,EP_BP,542.52456
DELHI,BHUBANESHWAR,ES,711.36016
DELHI,CHANDIGARH,EP_BP,2000.55244
DELHI,CHANDIGARH,ES,3445.1166
DELHI,CHENNAI,EP_BP,1462.41932
DELHI,CHENNAI,ES,2055.41784
DELHI,COCHIN,EP_BP,957.09244
DELHI,COCHIN,ES,1449.39084
DELHI,COIMBATORE,EP_BP,452.85008
DELHI,COIMBATORE,ES,645.23708
DELHI,DEHRADUN,EP_BP,605.052
DELHI,DEHRADUN,ES,997.26884
DELHI,DELHI,EP_BP,3465.91656
DELHI,DELHI,ES,8686.22244
DELHI,DIBRUGARH,EP_BP,125.03036
DELHI,DIBRUGARH,ES,351.32524
DELHI,GUWAHATI,EP_BP,333.92076
DELHI,GUWAHATI,ES,690.75728
DELHI,HYDERABAD,EP_BP,1583.853
DELHI,HYDERABAD,ES,2013.50752
DELHI,INDORE,EP_BP,605.59956
DELHI,INDORE,ES,608.042
DELHI,JAIPUR,EP_BP,775.89704
DELHI,JAIPUR,ES,952.25816
DELHI,KANPUR,EP_BP,338.59716
DELHI,KANPUR,ES,394.33132
DELHI,KOLKATA,EP_BP,1977.0945199999999
DELHI,KOLKATA,ES,1706.71736
DELHI,LUCKNOW,EP_BP,616.92104
DELHI,LUCKNOW,ES,727.6932
DELHI,MUMBAI,EP_BP,3240.00124
DELHI,MUMBAI,ES,4405.0482
DELHI,NAGPUR,EP_BP,391.76732
DELHI,NAGPUR,ES,385.40376
DELHI,PATNA,EP_BP,829.3116
DELHI,PATNA,ES,914.97324
DELHI,PORT BLAIR,EP_BP,14.1104
DELHI,PORT BLAIR,ES,68.70196
DELHI,PUNE,EP_BP,1675.44272
DELHI,PUNE,ES,1808.63004
DELHI,RAIPUR,EP_BP,524.73752
DELHI,RAIPUR,ES,776.1292
DELHI,RANCHI,EP_BP,601.44908
DELHI,RANCHI,ES,664.92092
DELHI,SILIGURI,EP_BP,326.24291999999997
DELHI,SILIGURI,ES,408.2838
DELHI,SURAT,EP_BP,388.513
DELHI,SURAT,ES,428.1176
DELHI,TRICHY,EP_BP,242.18696
DELHI,TRICHY,ES,271.97328
DELHI,VARANASI,EP_BP,505.46292
DELHI,VARANASI,ES,682.37012
DELHI,VIJAYAWADA,EP_BP,361.37676
DELHI,VIJAYAWADA,ES,404.14776
DIBRUGARH,AGARTALA,EP_BP,0.004
DIBRUGARH,AGARTALA,ES,4.464
DIBRUGARH,AGRA,ES,0.29996
DIBRUGARH,AHMEDABAD,EP_BP,0.008
DIBRUGARH,AHMEDABAD,ES,0.004
DIBRUGARH,BANGALORE,EP_BP,1.952
DIBRUGARH,BANGALORE,ES,0.88668
DIBRUGARH,BARODA,EP_BP,0.19476
DIBRUGARH,BARODA,ES,0.045559999999999996
DIBRUGARH,BHUBANESHWAR,EP_BP,0.07152
DIBRUGARH,BHUBANESHWAR,ES,0.054599999999999996
DIBRUGARH,CHANDIGARH,EP_BP,0.16556
DIBRUGARH,CHANDIGARH,ES,0.48904
DIBRUGARH,CHENNAI,ES,1.76584
DIBRUGARH,COCHIN,EP_BP,0.132
DIBRUGARH,COIMBATORE,EP_BP,0.06896
DIBRUGARH,DEHRADUN,EP_BP,0.02
DIBRUGARH,DEHRADUN,ES,0.13936
DIBRUGARH,DELHI,EP_BP,11.68212
DIBRUGARH,DELHI,ES,3.79528
DIBRUGARH,DIBRUGARH,EP_BP,0.8512000000000001
DIBRUGARH,DIBRUGARH,ES,30.0594
DIBRUGARH,GUWAHATI,EP_BP,3.3444
DIBRUGARH,GUWAHATI,ES,14.489
DIBRUGARH,HYDERABAD,EP_BP,2.0094
DIBRUGARH,HYDERABAD,ES,1.80248
DIBRUGARH,INDORE,ES,1.07156
DIBRUGARH,JAIPUR,ES,0.4084
DIBRUGARH,KANPUR,ES,0.64128
DIBRUGARH,KOLKATA,EP_BP,0.15908
DIBRUGARH,KOLKATA,ES,1.30348
DIBRUGARH,LUCKNOW,ES,0.14788
DIBRUGARH,MUMBAI,EP_BP,0.10160000000000001
DIBRUGARH,MUMBAI,ES,2.77444
DIBRUGARH,NAGPUR,ES,0.7969200000000001
DIBRUGARH,PATNA,ES,0.64776
DIBRUGARH,PUNE,EP_BP,0.6335999999999999
DIBRUGARH,PUNE,ES,1.25796
DIBRUGARH,RAIPUR,ES,0.6874
DIBRUGARH,RANCHI,ES,0.54756
DIBRUGARH,SILIGURI,EP_BP,0.124
DIBRUGARH,SILIGURI,ES,6.20692
DIBRUGARH,SURAT,ES,0.10036
DIBRUGARH,VARANASI,EP_BP,0.0004
DIBRUGARH,VIJAYAWADA,ES,0.008
GUWAHATI,AGARTALA,EP_BP,124.74331999999998
GUWAHATI,AGARTALA,ES,319.33836
GUWAHATI,AGRA,EP_BP,0.8677199999999999
GUWAHATI,AGRA,ES,3.83508
GUWAHATI,AHMEDABAD,EP_BP,11.6328
GUWAHATI,AHMEDABAD,ES,38.55872
GUWAHATI,BANGALORE,EP_BP,27.19848
GUWAHATI,BANGALORE,ES,129.09896
GUWAHATI,BARODA,EP_BP,3.9003200000000007
GUWAHATI,BARODA,ES,7.91776
GUWAHATI,BHUBANESHWAR,EP_BP,2.38456
GUWAHATI,BHUBANESHWAR,ES,27.26656
GUWAHATI,CHANDIGARH,EP_BP,7.6919200000000005
GUWAHATI,CHANDIGARH,ES,44.19484
GUWAHATI,CHENNAI,EP_BP,9.42696
GUWAHATI,CHENNAI,ES,48.57124
GUWAHATI,COCHIN,EP_BP,2.68992
GUWAHATI,COCHIN,ES,13.2118
GUWAHATI,COIMBATORE,EP_BP,2.12156
GUWAHATI,COIMBATORE,ES,5.03188
GUWAHATI,DEHRADUN,EP_BP,2.54488
GUWAHATI,DEHRADUN,ES,15.373719999999999
GUWAHATI,DELHI,EP_BP,82.40304
GUWAHATI,DELHI,ES,261.89576
GUWAHATI,DIBRUGARH,EP_BP,31.66388
GUWAHATI,DIBRUGARH,ES,740.1619999999999
GUWAHATI,GUWAHATI,EP_BP,64.67016
GUWAHATI,GUWAHATI,ES,882.19136
GUWAHATI,HYDERABAD,EP_BP,12.06852
GUWAHATI,HYDERABAD,ES,43.42256
GUWAHATI,INDORE,EP_BP,1.27464
GUWAHATI,INDORE,ES,12.51076
GUWAHATI,JAIPUR,EP_BP,3.00292
GUWAHATI,JAIPUR,ES,21.01992
GUWAHATI,KANPUR,EP_BP,0.50212
GUWAHATI,KANPUR,ES,25.605599999999995
GUWAHATI,KOLKATA,EP_BP,40.16752
GUWAHATI,KOLKATA,ES,224.41936
GUWAHATI,LUCKNOW,EP_BP,3.28028
GUWAHATI,LUCKNOW,ES,10.14756
GUWAHATI,MUMBAI,EP_BP,32.65196
GUWAHATI,MUMBAI,ES,108.60812
GUWAHATI,NAGPUR,EP_BP,1.25328
GUWAHATI,NAGPUR,ES,13.08144
GUWAHATI,PATNA,EP_BP,3.02616
GUWAHATI,PATNA,ES,20.21576
GUWAHATI,PORT BLAIR,EP_BP,0.02952
GUWAHATI,PORT BLAIR,ES,1.26672
GUWAHATI,PUNE,EP_BP,11.6016
GUWAHATI,PUNE,ES,46.76984
GUWAHATI,RAIPUR,EP_BP,1.111
GUWAHATI,RAIPUR,ES,21.20252
GUWAHATI,RANCHI,EP_BP,3.77016
GUWAHATI,RANCHI,ES,17.155839999999998
GUWAHATI,SILIGURI,EP_BP,7.3258
GUWAHATI,SILIGURI,ES,173.09908
GUWAHATI,SURAT,EP_BP,1.29424
GUWAHATI,SURAT,ES,11.833039999999999
GUWAHATI,TRICHY,EP_BP,0.7918400000000001
GUWAHATI,TRICHY,ES,3.18512
GUWAHATI,VARANASI,EP_BP,1.18552
GUWAHATI,VARANASI,ES,5.47192
GUWAHATI,VIJAYAWADA,EP_BP,1.77704
GUWAHATI,VIJAYAWADA,ES,5.86944
HYDERABAD,AGARTALA,EP_BP,7.15676
HYDERABAD,AGARTALA,ES,15.68192
HYDERABAD,AGRA,EP_BP,16.29516
HYDERABAD,AGRA,ES,32.42664
HYDERABAD,AHMEDABAD,EP_BP,103.337
HYDERABAD,AHMEDABAD,ES,185.51992
HYDERABAD,BANGALORE,EP_BP,523.93328
HYDERABAD,BANGALORE,ES,1348.9762
HYDERABAD,BARODA,EP_BP,20.5994
HYDERABAD,BARODA,ES,43.82252
HYDERABAD,BENGALURU,EP_BP,0.0768
HYDERABAD,BENGALURU,ES,0.008
HYDERABAD,BHUBANESHWAR,EP_BP,42.81144
HYDERABAD,BHUBANESHWAR,ES,127.68452
HYDERABAD,CHANDIGARH,EP_BP,85.51276
HYDERABAD,CHANDIGARH,ES,215.85924
HYDERABAD,CHENNAI,EP_BP,322.36076
HYDERABAD,CHENNAI,ES,814.67344
HYDERABAD,COCHIN,EP_BP,98.73212
HYDERABAD,COCHIN,ES,167.2426
HYDERABAD,COIMBATORE,EP_BP,47.12448
HYDERABAD,COIMBATORE,ES,110.78056
HYDERABAD,DEHRADUN,EP_BP,37.81096
HYDERABAD,DEHRADUN,ES,78.56504000000001
HYDERABAD,DELHI,EP_BP,523.97912
HYDERABAD,DELHI,ES,662.34068
HYDERABAD,DIBRUGARH,EP_BP,8.66356
HYDERABAD,DIBRUGARH,ES,25.99636
HYDERABAD,GUWAHATI,EP_BP,24.41028
HYDERABAD,GUWAHATI,ES,90.2284
HYDERABAD,HYDERABAD,EP_BP,480.253
HYDERABAD,HYDERABAD,ES,4328.14748
HYDERABAD,INDORE,EP_BP,45.89828
HYDERABAD,INDORE,ES,98.49231999999999
HYDERABAD,JAIPUR,EP_BP,65.51412
HYDERABAD,JAIPUR,ES,95.85864
HYDERABAD,KANPUR,EP_BP,40.837680000000006
HYDERABAD,KANPUR,ES,31.256040000000002
HYDERABAD,KOLKATA,EP_BP,152.50608
HYDERABAD,KOLKATA,ES,279.57432
HYDERABAD,LUCKNOW,EP_BP,54.864
HYDERABAD,LUCKNOW,ES,84.29968
HYDERABAD,MUMBAI,EP_BP,367.10064
HYDERABAD,MUMBAI,ES,485.32364
HYDERABAD,NAGPUR,EP_BP,39.74076
HYDERABAD,NAGPUR,ES,78.02436
HYDERABAD,PATNA,EP_BP,211.07068
HYDERABAD,PATNA,ES,636.53516
HYDERABAD,PORT BLAIR,EP_BP,0.8589199999999999
HYDERABAD,PORT BLAIR,ES,8.753120000000001
HYDERABAD,PUNE,EP_BP,185.40472
HYDERABAD,PUNE,ES,327.24812
HYDERABAD,RAIPUR,EP_BP,41.21616
HYDERABAD,RAIPUR,ES,86.48296
HYDERABAD,RANCHI,EP_BP,45.737
HYDERABAD,RANCHI,ES,79.47192
HYDERABAD,SILIGURI,EP_BP,19.11772
HYDERABAD,SILIGURI,ES,50.85768
HYDERABAD,SURAT,EP_BP,29.60228
HYDERABAD,SURAT,ES,86.90352
HYDERABAD,TRICHY,EP_BP,27.59388
HYDERABAD,TRICHY,ES,75.3322
HYDERABAD,VARANASI,EP_BP,30.82156
HYDERABAD,VARANASI,ES,79.87348
HYDERABAD,VIJAYAWADA,EP_BP,314.15796
HYDERABAD,VIJAYAWADA,ES,1524.39272
INDORE,AGARTALA,EP_BP,1.0440800000000001
INDORE,AGARTALA,ES,5.647279999999999
INDORE,AGRA,EP_BP,13.343160000000001
INDORE,AGRA,ES,42.8386
INDORE,AHMEDABAD,EP_BP,23.81672
INDORE,AHMEDABAD,ES,54.45824
INDORE,BANGALORE,EP_BP,77.68752
INDORE,BANGALORE,ES,207.15716
INDORE,BARODA,EP_BP,7.0126
INDORE,BARODA,ES,14.812
INDORE,BENGALURU,EP_BP,1.31488
INDORE,BHUBANESHWAR,EP_BP,10.3186
INDORE,BHUBANESHWAR,ES,32.90632
INDORE,CHANDIGARH,EP_BP,31.73688
INDORE,CHANDIGARH,ES,105.21476
INDORE,CHENNAI,EP_BP,22.11448
INDORE,CHENNAI,ES,161.36744000000002
INDORE,COCHIN,EP_BP,25.60164
INDORE,COCHIN,ES,79.5322
INDORE,COIMBATORE,EP_BP,6.73788
INDORE,COIMBATORE,ES,34.8506
INDORE,DEHRADUN,EP_BP,7.69848
INDORE,DEHRADUN,ES,29.71144
INDORE,DELHI,EP_BP,177.73468
INDORE,DELHI,ES,256.14227999999997
INDORE,DIBRUGARH,EP_BP,1.76604
INDORE,DIBRUGARH,ES,20.8384
INDORE,GUWAHATI,EP_BP,4.29452
INDORE,GUWAHATI,ES,25.5064
INDORE,HYDERABAD,EP_BP,41.53288
INDORE,HYDERABAD,ES,109.45724
INDORE,INDORE,EP_BP,47.41624
INDORE,INDORE,ES,373.86572
INDORE,JAIPUR,EP_BP,18.2576
INDORE,JAIPUR,ES,45.51344
INDORE,KANPUR,EP_BP,6.471760000000001
INDORE,KANPUR,ES,22.230719999999998
INDORE,KOLKATA,EP_BP,26.88456
INDORE,KOLKATA,ES,66.51608
INDORE,LUCKNOW,EP_BP,8.0404
INDORE,LUCKNOW,ES,24.1032
INDORE,MUMBAI,EP_BP,76.32484
INDORE,MUMBAI,ES,230.92776
INDORE,NAGPUR,EP_BP,19.342760000000002
INDORE,NAGPUR,ES,71.82744
INDORE,PATNA,EP_BP,15.0272
INDORE,PATNA,ES,41.94684
INDORE,PORT BLAIR,EP_BP,0.25612
INDORE,PORT BLAIR,ES,3.0404
INDORE,PUNE,EP_BP,45.82696
INDORE,PUNE,ES,112.92408
INDORE,RAIPUR,EP_BP,27.25356
INDORE,RAIPUR,ES,46.95896
INDORE,RANCHI,EP_BP,19.4916
INDORE,RANCHI,ES,25.25688
INDORE,SILIGURI,EP_BP,4.11796
INDORE,SILIGURI,ES,15.74036
INDORE,SURAT,EP_BP,12.452720000000001
INDORE,SURAT,ES,25.86448
INDORE,TRICHY,EP_BP,3.08128
INDORE,TRICHY,ES,36.55064
INDORE,VARANASI,EP_BP,14.132200000000001
INDORE,VARANASI,ES,37.73136
INDORE,VIJAYAWADA,EP_BP,7.892
INDORE,VIJAYAWADA,ES,35.34652
JAIPUR,AGARTALA,EP_BP,2.85508
JAIPUR,AGARTALA,ES,10.16752
JAIPUR,AGRA,EP_BP,12.186
JAIPUR,AGRA,ES,34.41308
JAIPUR,AHMEDABAD,EP_BP,60.523
JAIPUR,AHMEDABAD,ES,116.38276
JAIPUR,BANGALORE,EP_BP,205.49612
JAIPUR,BANGALORE,ES,241.31652
JAIPUR,BARODA,EP_BP,13.65628
JAIPUR,BARODA,ES,19.86692
JAIPUR,BHUBANESHWAR,EP_BP,16.49908
JAIPUR,BHUBANESHWAR,ES,28.09504
JAIPUR,CHANDIGARH,EP_BP,127.05908
JAIPUR,CHANDIGARH,ES,161.59392
JAIPUR,CHENNAI,EP_BP,103.14728
JAIPUR,CHENNAI,ES,160.5474
JAIPUR,COCHIN,EP_BP,117.2082
JAIPUR,COCHIN,ES,81.91288
JAIPUR,COIMBATORE,EP_BP,63.30048
JAIPUR,COIMBATORE,ES,48.43344
JAIPUR,DEHRADUN,EP_BP,17.08444
JAIPUR,DEHRADUN,ES,31.005399999999998
JAIPUR,DELHI,EP_BP,474.39744
JAIPUR,DELHI,ES,528.455
JAIPUR,DIBRUGARH,EP_BP,5.39496
JAIPUR,DIBRUGARH,ES,20.33408
JAIPUR,GUWAHATI,EP_BP,29.99724
JAIPUR,GUWAHATI,ES,28.47392
JAIPUR,HYDERABAD,EP_BP,177.68212
JAIPUR,HYDERABAD,ES,195.739
JAIPUR,INDORE,EP_BP,22.82072
JAIPUR,INDORE,ES,45.80404
JAIPUR,JAIPUR,EP_BP,113.85092
JAIPUR,JAIPUR,ES,363.62964
JAIPUR,KANPUR,EP_BP,9.11668
JAIPUR,KANPUR,ES,20.52648
JAIPUR,KOLKATA,EP_BP,106.08952000000001
JAIPUR,KOLKATA,ES,148.92424
JAIPUR,LUCKNOW,EP_BP,38.031079999999996
JAIPUR,LUCKNOW,ES,34.95196
JAIPUR,MUMBAI,EP_BP,246.04688
JAIPUR,MUMBAI,ES,271.31916
JAIPUR,NAGPUR,EP_BP,20.5856
JAIPUR,NAGPUR,ES,27.73152
JAIPUR,PATNA,EP_BP,25.09024
JAIPUR,PATNA,ES,53.831
JAIPUR,PORT BLAIR,EP_BP,0.53156
JAIPUR,PORT BLAIR,ES,3.2976400000000003
JAIPUR,PUNE,EP_BP,113.65432
JAIPUR,PUNE,ES,118.7844
JAIPUR,RAIPUR,EP_BP,28.00796
JAIPUR,RAIPUR,ES,60.857
JAIPUR,RANCHI,EP_BP,14.3574
JAIPUR,RANCHI,ES,55.122279999999996
JAIPUR,SILIGURI,EP_BP,13.02488
JAIPUR,SILIGURI,ES,23.22876
JAIPUR,SURAT,EP_BP,21.41636
JAIPUR,SURAT,ES,35.49552
JAIPUR,TRICHY,EP_BP,25.330080000000002
JAIPUR,TRICHY,ES,27.22944
JAIPUR,VARANASI,EP_BP,14.1166
JAIPUR,VARANASI,ES,30.21404
JAIPUR,VIJAYAWADA,EP_BP,37.76724
JAIPUR,VIJAYAWADA,ES,54.61676
KANPUR,AGARTALA,EP_BP,0.16764
KANPUR,AGARTALA,ES,1.5379999999999998
KANPUR,AGRA,EP_BP,1.73964
KANPUR,AGRA,ES,38.23088
KANPUR,AHMEDABAD,EP_BP,2.6537200000000003
KANPUR,AHMEDABAD,ES,21.73276
KANPUR,BANGALORE,EP_BP,11.36368
KANPUR,BANGALORE,ES,65.38056
KANPUR,BARODA,EP_BP,0.8428
KANPUR,BARODA,ES,9.825920000000002
KANPUR,BENGALURU,EP_BP,0.5
KANPUR,BHUBANESHWAR,EP_BP,0.5187200000000001
KANPUR,BHUBANESHWAR,ES,4.94208
KANPUR,CHANDIGARH,EP_BP,5.33612
KANPUR,CHANDIGARH,ES,45.24336
KANPUR,CHENNAI,EP_BP,13.06512
KANPUR,CHENNAI,ES,56.72516
KANPUR,COCHIN,EP_BP,0.61064
KANPUR,COCHIN,ES,8.24348
KANPUR,COIMBATORE,EP_BP,0.51332
KANPUR,COIMBATORE,ES,4.978
KANPUR,DEHRADUN,EP_BP,2.43132
KANPUR,DEHRADUN,ES,19.6294
KANPUR,DELHI,EP_BP,246.27704000000003
KANPUR,DELHI,ES,243.8772
KANPUR,DIBRUGARH,EP_BP,0.11332
KANPUR,DIBRUGARH,ES,3.41068
KANPUR,GUWAHATI,EP_BP,0.29464
KANPUR,GUWAHATI,ES,4.33604
KANPUR,HYDERABAD,EP_BP,17.06052
KANPUR,HYDERABAD,ES,25.676119999999997
KANPUR,INDORE,EP_BP,1.83732
KANPUR,INDORE,ES,15.57612
KANPUR,JAIPUR,EP_BP,1.6594000000000002
KANPUR,JAIPUR,ES,22.964679999999998
KANPUR,KANPUR,EP_BP,8.119159999999999
KANPUR,KANPUR,ES,63.7962
KANPUR,KOLKATA,EP_BP,5.38896
KANPUR,KOLKATA,ES,37.27256
KANPUR,LUCKNOW,EP_BP,10.895760000000001
KANPUR,LUCKNOW,ES,116.10996
KANPUR,MUMBAI,EP_BP,15.792399999999999
KANPUR,MUMBAI,ES,63.452400000000004
KANPUR,NAGPUR,EP_BP,0.19992000000000001
KANPUR,NAGPUR,ES,7.84316
KANPUR,PATNA,EP_BP,2.15872
KANPUR,PATNA,ES,9.91912
KANPUR,PORT BLAIR,ES,2.0133199999999998
KANPUR,PUNE,EP_BP,5.802040000000001
KANPUR,PUNE,ES,37.79812
KANPUR,RAIPUR,EP_BP,2.1132
KANPUR,RAIPUR,ES,14.13196
KANPUR,RANCHI,EP_BP,1.15188
KANPUR,RANCHI,ES,5.5862
KANPUR,SILIGURI,EP_BP,0.38032
KANPUR,SILIGURI,ES,4.27676
KANPUR,SURAT,EP_BP,0.81808
KANPUR,SURAT,ES,8.06144
KANPUR,TRICHY,EP_BP,0.34016
KANPUR,TRICHY,ES,3.2916399999999997
KANPUR,VARANASI,EP_BP,4.75992
KANPUR,VARANASI,ES,60.38496000000001
KANPUR,VIJAYAWADA,EP_BP,0.47192000000000006
KANPUR,VIJAYAWADA,ES,3.10128
KOLKATA,AGARTALA,EP_BP,91.03808000000001
KOLKATA,AGARTALA,ES,185.82924
KOLKATA,AGRA,EP_BP,42.38436
KOLKATA,AGRA,ES,78.88776
KOLKATA,AHMEDABAD,EP_BP,151.35188
KOLKATA,AHMEDABAD,ES,186.37356
KOLKATA,BANGALORE,EP_BP,457.63996
KOLKATA,BANGALORE,ES,481.13216
KOLKATA,BARODA,EP_BP,22.6864
KOLKATA,BARODA,ES,37.10024
KOLKATA,BHUBANESHWAR,EP_BP,201.57004
KOLKATA,BHUBANESHWAR,ES,134.3964
KOLKATA,CHANDIGARH,EP_BP,199.18511999999998
KOLKATA,CHANDIGARH,ES,305.15372
KOLKATA,CHENNAI,EP_BP,196.02148
KOLKATA,CHENNAI,ES,219.42024
KOLKATA,COCHIN,EP_BP,177.0348
KOLKATA,COCHIN,ES,158.02784
KOLKATA,COIMBATORE,EP_BP,53.62048
KOLKATA,COIMBATORE,ES,52.74288
KOLKATA,DEHRADUN,EP_BP,42.20388
KOLKATA,DEHRADUN,ES,83.17404
KOLKATA,DELHI,EP_BP,1399.00296
KOLKATA,DELHI,ES,888.0576
KOLKATA,DIBRUGARH,EP_BP,55.57672
KOLKATA,DIBRUGARH,ES,94.84288000000001
KOLKATA,GUWAHATI,EP_BP,227.36052
KOLKATA,GUWAHATI,ES,289.41796
KOLKATA,HYDERABAD,EP_BP,283.83952
KOLKATA,HYDERABAD,ES,273.12616
KOLKATA,INDORE,EP_BP,75.21536
KOLKATA,INDORE,ES,101.44284
KOLKATA,JAIPUR,EP_BP,107.01424
KOLKATA,JAIPUR,ES,126.53623999999999
KOLKATA,KANPUR,EP_BP,43.04328
KOLKATA,KANPUR,ES,36.72628
KOLKATA,KOLKATA,EP_BP,1326.83848
KOLKATA,KOLKATA,ES,2216.557
KOLKATA,LUCKNOW,EP_BP,90.74576
KOLKATA,LUCKNOW,ES,67.60188
KOLKATA,MUMBAI,EP_BP,509.92988
KOLKATA,MUMBAI,ES,521.73784
KOLKATA,NAGPUR,EP_BP,51.37656
KOLKATA,NAGPUR,ES,70.17196
KOLKATA,PATNA,EP_BP,285.46452
KOLKATA,PATNA,ES,183.36656
KOLKATA,PORT BLAIR,EP_BP,16.43536
KOLKATA,PORT BLAIR,ES,39.9682
KOLKATA,PUNE,EP_BP,215.95576
KOLKATA,PUNE,ES,211.96768
KOLKATA,RAIPUR,EP_BP,97.99948
KOLKATA,RAIPUR,ES,111.57336
KOLKATA,RANCHI,EP_BP,182.39216
KOLKATA,RANCHI,ES,184.18564
KOLKATA,SILIGURI,EP_BP,343.74204
KOLKATA,SILIGURI,ES,281.93188
KOLKATA,SURAT,EP_BP,51.03072
KOLKATA,SURAT,ES,106.41036
KOLKATA,TRICHY,EP_BP,26.71996
KOLKATA,TRICHY,ES,27.43332
KOLKATA,VARANASI,EP_BP,83.77452
KOLKATA,VARANASI,ES,103.80608
KOLKATA,VIJAYAWADA,EP_BP,68.97752
KOLKATA,VIJAYAWADA,ES,72.56280000000001
LUCKNOW,AGARTALA,EP_BP,0.43248
LUCKNOW,AGARTALA,ES,3.5574000000000003
LUCKNOW,AGRA,EP_BP,8.3342
LUCKNOW,AGRA,ES,57.72132
LUCKNOW,AHMEDABAD,EP_BP,13.7494
LUCKNOW,AHMEDABAD,ES,43.50932
LUCKNOW,BANGALORE,EP_BP,43.96672
LUCKNOW,BANGALORE,ES,144.2092
LUCKNOW,BARODA,EP_BP,1.9450800000000001
LUCKNOW,BARODA,ES,10.05216
LUCKNOW,BHUBANESHWAR,EP_BP,4.5008799999999995
LUCKNOW,BHUBANESHWAR,ES,16.31992
LUCKNOW,CHANDIGARH,EP_BP,21.76388
LUCKNOW,CHANDIGARH,ES,92.38952
LUCKNOW,CHENNAI,EP_BP,14.5206
LUCKNOW,CHENNAI,ES,69.12356
LUCKNOW,COCHIN,EP_BP,6.4926
LUCKNOW,COCHIN,ES,31.38056
LUCKNOW,COIMBATORE,EP_BP,4.53876
LUCKNOW,COIMBATORE,ES,9.93436
LUCKNOW,DEHRADUN,EP_BP,11.24008
LUCKNOW,DEHRADUN,ES,52.21212
LUCKNOW,DELHI,EP_BP,458.62192
LUCKNOW,DELHI,ES,441.03028
LUCKNOW,DIBRUGARH,EP_BP,0.93148
LUCKNOW,DIBRUGARH,ES,6.19076
LUCKNOW,GUWAHATI,EP_BP,2.69008
LUCKNOW,GUWAHATI,ES,11.24144
LUCKNOW,HYDERABAD,EP_BP,49.09624
LUCKNOW,HYDERABAD,ES,80.88264
LUCKNOW,INDORE,EP_BP,5.35688
LUCKNOW,INDORE,ES,31.7946
LUCKNOW,JAIPUR,EP_BP,7.98032
LUCKNOW,JAIPUR,ES,40.54872
LUCKNOW,KANPUR,EP_BP,20.34192
LUCKNOW,KANPUR,ES,128.88384
LUCKNOW,KOLKATA,EP_BP,18.83924
LUCKNOW,KOLKATA,ES,80.2938
LUCKNOW,LUCKNOW,EP_BP,25.96244
LUCKNOW,LUCKNOW,ES,215.91448
LUCKNOW,MUMBAI,EP_BP,43.06724
LUCKNOW,MUMBAI,ES,223.05032
LUCKNOW,NAGPUR,EP_BP,3.29308
LUCKNOW,NAGPUR,ES,21.86
LUCKNOW,PATNA,EP_BP,8.527800000000001
LUCKNOW,PATNA,ES,34.15656
LUCKNOW,PORT BLAIR,EP_BP,0.008
LUCKNOW,PORT BLAIR,ES,4.14004
LUCKNOW,PUNE,EP_BP,31.22672
LUCKNOW,PUNE,ES,91.47391999999999
LUCKNOW,RAIPUR,EP_BP,11.170839999999998
LUCKNOW,RAIPUR,ES,21.47924
LUCKNOW,RANCHI,EP_BP,3.24152
LUCKNOW,RANCHI,ES,17.80572
LUCKNOW,SILIGURI,EP_BP,1.87408
LUCKNOW,SILIGURI,ES,9.14348
LUCKNOW,SURAT,EP_BP,5.49244
LUCKNOW,SURAT,ES,28.905720000000002
LUCKNOW,TRICHY,EP_BP,1.50396
LUCKNOW,TRICHY,ES,6.00052
LUCKNOW,VARANASI,EP_BP,35.56576
LUCKNOW,VARANASI,ES,219.8688
LUCKNOW,VIJAYAWADA,EP_BP,1.72428
LUCKNOW,VIJAYAWADA,ES,10.09684
MUMBAI,AGARTALA,EP_BP,40.7576
MUMBAI,AGARTALA,ES,70.30984
MUMBAI,AGRA,EP_BP,122.39956
MUMBAI,AGRA,ES,112.35952
MUMBAI,AHMEDABAD,EP_BP,469.97051999999996
MUMBAI,AHMEDABAD,ES,402.30164
MUMBAI,BANGALORE,EP_BP,1363.76932
MUMBAI,BANGALORE,ES,1425.01756
MUMBAI,BARODA,EP_BP,93.47056
MUMBAI,BARODA,ES,97.2672
MUMBAI,BENGALURU,EP_BP,0.128
MUMBAI,BHUBANESHWAR,EP_BP,162.27143999999998
MUMBAI,BHUBANESHWAR,ES,255.67004
MUMBAI,CHANDIGARH,EP_BP,643.234
MUMBAI,CHANDIGARH,ES,643.33664
MUMBAI,CHENNAI,EP_BP,824.62232
MUMBAI,CHENNAI,ES,880.99004
MUMBAI,COCHIN,EP_BP,597.86568
MUMBAI,COCHIN,ES,619.3293600000001
MUMBAI,COIMBATORE,EP_BP,248.66255999999998
MUMBAI,COIMBATORE,ES,436.33004
MUMBAI,DEHRADUN,EP_BP,129.98288
MUMBAI,DEHRADUN,ES,148.16368
MUMBAI,DELHI,EP_BP,2285.39228
MUMBAI,DELHI,ES,1726.16916
MUMBAI,DIBRUGARH,EP_BP,58.25164
MUMBAI,DIBRUGARH,ES,78.2302
MUMBAI,GUWAHATI,EP_BP,109.89580000000001
MUMBAI,GUWAHATI,ES,197.54224
MUMBAI,HYDERABAD,EP_BP,902.0362
MUMBAI,HYDERABAD,ES,736.32176
MUMBAI,INDORE,EP_BP,275.97268
MUMBAI,INDORE,ES,344.03488
MUMBAI,JAIPUR,EP_BP,326.69796
MUMBAI,JAIPUR,ES,324.36132
MUMBAI,KANPUR,EP_BP,75.483
MUMBAI,KANPUR,ES,95.84576
MUMBAI,KOLKATA,EP_BP,812.68692
MUMBAI,KOLKATA,ES,860.36456
MUMBAI,LUCKNOW,EP_BP,197.8398
MUMBAI,LUCKNOW,ES,216.53808
MUMBAI,MUMBAI,EP_BP,1075.8676
MUMBAI,MUMBAI,ES,2181.41092
MUMBAI,NAGPUR,EP_BP,249.60896
MUMBAI,NAGPUR,ES,260.03064
MUMBAI,PATNA,EP_BP,339.3934
MUMBAI,PATNA,ES,384.23508
MUMBAI,PORT BLAIR,EP_BP,17.57508
MUMBAI,PORT BLAIR,ES,18.32632
MUMBAI,PUNE,EP_BP,803.19904
MUMBAI,PUNE,ES,1119.41652
MUMBAI,RAIPUR,EP_BP,214.67256
MUMBAI,RAIPUR,ES,216.46624
MUMBAI,RANCHI,EP_BP,133.7772
MUMBAI,RANCHI,ES,239.38756
MUMBAI,SILIGURI,EP_BP,80.04656
MUMBAI,SILIGURI,ES,128.21604
MUMBAI,SURAT,EP_BP,201.86692
MUMBAI,SURAT,ES,198.31856
MUMBAI,TRICHY,EP_BP,94.864
MUMBAI,TRICHY,ES,227.23132
MUMBAI,VARANASI,EP_BP,168.14008
MUMBAI,VARANASI,ES,216.52808
MUMBAI,VIJAYAWADA,EP_BP,141.17148
MUMBAI,VIJAYAWADA,ES,223.33564
NAGPUR,AGARTALA,EP_BP,0.40384
NAGPUR,AGARTALA,ES,0.39280000000000004
NAGPUR,AGRA,EP_BP,3.4501999999999997
NAGPUR,AGRA,ES,5.73492
NAGPUR,AHMEDABAD,EP_BP,14.32376
NAGPUR,AHMEDABAD,ES,28.34252
NAGPUR,BANGALORE,EP_BP,86.60924
NAGPUR,BANGALORE,ES,61.26868
NAGPUR,BARODA,EP_BP,3.35596
NAGPUR,BARODA,ES,13.510319999999998
NAGPUR,BENGALURU,EP_BP,0.8948
NAGPUR,BHUBANESHWAR,EP_BP,4.29516
NAGPUR,BHUBANESHWAR,ES,6.47732
NAGPUR,CHANDIGARH,EP_BP,42.09712
NAGPUR,CHANDIGARH,ES,25.13592
NAGPUR,CHENNAI,EP_BP,29.98152
NAGPUR,CHENNAI,ES,35.2458
NAGPUR,COCHIN,EP_BP,4.33904
NAGPUR,COCHIN,ES,8.10424
NAGPUR,COIMBATORE,EP_BP,17.272560000000002
NAGPUR,COIMBATORE,ES,7.72844
NAGPUR,DEHRADUN,EP_BP,2.9516
NAGPUR,DEHRADUN,ES,6.04464
NAGPUR,DELHI,EP_BP,143.3644
NAGPUR,DELHI,ES,106.03552
NAGPUR,DIBRUGARH,EP_BP,1.5224
NAGPUR,DIBRUGARH,ES,1.0684
NAGPUR,GUWAHATI,EP_BP,1.6694
NAGPUR,GUWAHATI,ES,5.4718
NAGPUR,HYDERABAD,EP_BP,23.5186
NAGPUR,HYDERABAD,ES,42.66584
NAGPUR,INDORE,EP_BP,7.3746
NAGPUR,INDORE,ES,61.967200000000005
NAGPUR,JAIPUR,EP_BP,7.12988
NAGPUR,JAIPUR,ES,12.99816
NAGPUR,KANPUR,EP_BP,2.08832
NAGPUR,KANPUR,ES,8.14788
NAGPUR,KOLKATA,EP_BP,13.7436
NAGPUR,KOLKATA,ES,22.54756
NAGPUR,LUCKNOW,EP_BP,3.23208
NAGPUR,LUCKNOW,ES,7.30496
NAGPUR,MUMBAI,EP_BP,87.02364
NAGPUR,MUMBAI,ES,159.13988
NAGPUR,NAGPUR,EP_BP,19.9546
NAGPUR,NAGPUR,ES,141.51536
NAGPUR,PATNA,EP_BP,5.43276
NAGPUR,PATNA,ES,9.0718
NAGPUR,PORT BLAIR,EP_BP,0.004
NAGPUR,PORT BLAIR,ES,0.6988800000000001
NAGPUR,PUNE,EP_BP,44.11224
NAGPUR,PUNE,ES,109.86528
NAGPUR,RAIPUR,EP_BP,19.721519999999998
NAGPUR,RAIPUR,ES,25.4554
NAGPUR,RANCHI,EP_BP,3.9608
NAGPUR,RANCHI,ES,9.35984
NAGPUR,SILIGURI,EP_BP,2.7618400000000003
NAGPUR,SILIGURI,ES,2.3129999999999997
NAGPUR,SURAT,EP_BP,6.63284
NAGPUR,SURAT,ES,13.25752
NAGPUR,TRICHY,EP_BP,8.23664
NAGPUR,TRICHY,ES,3.40808
NAGPUR,VARANASI,EP_BP,3.15396
NAGPUR,VARANASI,ES,16.04644
NAGPUR,VIJAYAWADA,EP_BP,4.636
NAGPUR,VIJAYAWADA,ES,18.52856
PATNA,AGARTALA,EP_BP,0.86764
PATNA,AGARTALA,ES,1.68756
PATNA,AGRA,EP_BP,2.64644
PATNA,AGRA,ES,5.94968
PATNA,AHMEDABAD,EP_BP,13.03608
PATNA,AHMEDABAD,ES,33.03784
PATNA,BANGALORE,EP_BP,99.99684
PATNA,BANGALORE,ES,186.78588
PATNA,BARODA,EP_BP,3.2901200000000004
PATNA,BARODA,ES,7.97536
PATNA,BENGALURU,EP_BP,1.05356
PATNA,BHUBANESHWAR,EP_BP,12.041599999999999
PATNA,BHUBANESHWAR,ES,47.39844
PATNA,CHANDIGARH,EP_BP,14.32996
PATNA,CHANDIGARH,ES,31.46328
PATNA,CHENNAI,EP_BP,56.9306
PATNA,CHENNAI,ES,136.29712
PATNA,COCHIN,EP_BP,24.18476
PATNA,COCHIN,ES,19.63936
PATNA,COIMBATORE,EP_BP,15.082160000000002
PATNA,COIMBATORE,ES,13.35452
PATNA,DEHRADUN,EP_BP,5.31356
PATNA,DEHRADUN,ES,9.124080000000001
PATNA,DELHI,EP_BP,269.35232
PATNA,DELHI,ES,205.8806
PATNA,DIBRUGARH,EP_BP,12.613719999999999
PATNA,DIBRUGARH,ES,4.037
PATNA,GUWAHATI,EP_BP,7.3089200000000005
PATNA,GUWAHATI,ES,16.2128
PATNA,HYDERABAD,EP_BP,189.1022
PATNA,HYDERABAD,ES,492.31940000000003
PATNA,INDORE,EP_BP,7.99692
PATNA,INDORE,ES,15.74208
PATNA,JAIPUR,EP_BP,13.092880000000001
PATNA,JAIPUR,ES,23.81292
PATNA,KANPUR,EP_BP,1.90924
PATNA,KANPUR,ES,7.32332
PATNA,KOLKATA,EP_BP,41.82912
PATNA,KOLKATA,ES,95.72448
PATNA,LUCKNOW,EP_BP,5.55772
PATNA,LUCKNOW,ES,13.67692
PATNA,MUMBAI,EP_BP,58.22768
PATNA,MUMBAI,ES,115.00924
PATNA,NAGPUR,EP_BP,7.845479999999999
PATNA,NAGPUR,ES,7.54184
PATNA,PATNA,EP_BP,172.37172
PATNA,PATNA,ES,410.96416
PATNA,PORT BLAIR,EP_BP,0.0116
PATNA,PORT BLAIR,ES,1.89812
PATNA,PUNE,EP_BP,29.61156
PATNA,PUNE,ES,45.5322
PATNA,RAIPUR,EP_BP,17.15516
PATNA,RAIPUR,ES,21.2204
PATNA,RANCHI,EP_BP,54.27672
PATNA,RANCHI,ES,62.48816
PATNA,SILIGURI,EP_BP,22.803079999999998
PATNA,SILIGURI,ES,23.79596
PATNA,SURAT,EP_BP,4.61532
PATNA,SURAT,ES,15.009920000000001
PATNA,TRICHY,EP_BP,6.99012
PATNA,TRICHY,ES,9.33224
PATNA,VARANASI,EP_BP,6.56328
PATNA,VARANASI,ES,17.93384
PATNA,VIJAYAWADA,EP_BP,65.09928
PATNA,VIJAYAWADA,ES,329.01964000000004
PORT BLAIR,AGRA,ES,0.35760000000000003
PORT BLAIR,AHMEDABAD,ES,0.1028
PORT BLAIR,BANGALORE,EP_BP,0.0284
PORT BLAIR,BANGALORE,ES,1.55792
PORT BLAIR,BARODA,ES,0.044000000000000004
PORT BLAIR,BHUBANESHWAR,ES,0.10400000000000001
PORT BLAIR,CHANDIGARH,ES,0.0436
PORT BLAIR,CHENNAI,ES,1.92172
PORT BLAIR,COCHIN,ES,0.6728
PORT BLAIR,COIMBATORE,ES,0.1732
PORT BLAIR,DEHRADUN,ES,0.01
PORT BLAIR,DELHI,EP_BP,8.525920000000001
PORT BLAIR,DELHI,ES,2.9072
PORT BLAIR,HYDERABAD,EP_BP,0.038759999999999996
PORT BLAIR,HYDERABAD,ES,0.3804
PORT BLAIR,INDORE,ES,0.002
PORT BLAIR,JAIPUR,ES,0.0028
PORT BLAIR,KOLKATA,ES,3.5168
PORT BLAIR,LUCKNOW,ES,0.026000000000000002
PORT BLAIR,MUMBAI,ES,2.54
PORT BLAIR,NAGPUR,ES,0.0176
PORT BLAIR,PATNA,ES,0.0984
PORT BLAIR,PORT BLAIR,ES,0.0524
PORT BLAIR,PUNE,ES,1.2356
PORT BLAIR,RAIPUR,ES,0.1
PORT BLAIR,RANCHI,ES,0.43279999999999996
PORT BLAIR,SILIGURI,ES,0.06160000000000001
PORT BLAIR,SURAT,ES,0.046
PORT BLAIR,TRICHY,ES,0.44608000000000003
PORT BLAIR,VARANASI,ES,0.13879999999999998
PUNE,AGARTALA,EP_BP,10.13048
PUNE,AGARTALA,ES,15.6824
PUNE,AGRA,EP_BP,28.916240000000002
PUNE,AGRA,ES,35.30304
PUNE,AHMEDABAD,EP_BP,157.07760000000002
PUNE,AHMEDABAD,ES,200.22428
PUNE,BANGALORE,EP_BP,395.05688
PUNE,BANGALORE,ES,734.84488
PUNE,BARODA,EP_BP,32.96048
PUNE,BARODA,ES,54.39576
PUNE,BENGALURU,EP_BP,3.36004
PUNE,BHUBANESHWAR,EP_BP,54.64332
PUNE,BHUBANESHWAR,ES,75.91412
PUNE,CHANDIGARH,EP_BP,162.33204
PUNE,CHANDIGARH,ES,341.84804
PUNE,CHENNAI,EP_BP,189.11356
PUNE,CHENNAI,ES,445.81848
PUNE,COCHIN,EP_BP,74.5484
PUNE,COCHIN,ES,126.41796
PUNE,COIMBATORE,EP_BP,41.59988
PUNE,COIMBATORE,ES,102.53488
PUNE,DEHRADUN,EP_BP,35.3822
PUNE,DEHRADUN,ES,58.436080000000004
PUNE,DELHI,EP_BP,780.8728
PUNE,DELHI,ES,859.61492
PUNE,DIBRUGARH,EP_BP,7.5025200000000005
PUNE,DIBRUGARH,ES,22.29276
PUNE,GUWAHATI,EP_BP,39.75048
PUNE,GUWAHATI,ES,77.06064
PUNE,HYDERABAD,EP_BP,186.05692
PUNE,HYDERABAD,ES,339.71288
PUNE,INDORE,EP_BP,58.47848
PUNE,INDORE,ES,147.83756
PUNE,JAIPUR,EP_BP,86.88904
PUNE,JAIPUR,ES,112.04648
PUNE,KANPUR,EP_BP,22.02824
PUNE,KANPUR,ES,30.2136
PUNE,KOLKATA,EP_BP,136.93804
PUNE,KOLKATA,ES,309.41668
PUNE,LUCKNOW,EP_BP,48.11236
PUNE,LUCKNOW,ES,72.71408
PUNE,MUMBAI,EP_BP,486.57072
PUNE,MUMBAI,ES,864.78336
PUNE,NAGPUR,EP_BP,58.53736
PUNE,NAGPUR,ES,132.78992
PUNE,PATNA,EP_BP,54.13092
PUNE,PATNA,ES,175.90303999999998
PUNE,PORT BLAIR,EP_BP,1.24604
PUNE,PORT BLAIR,ES,3.667
PUNE,PUNE,EP_BP,286.03444
PUNE,PUNE,ES,1339.93176
PUNE,RAIPUR,EP_BP,77.7884
PUNE,RAIPUR,ES,152.5932
PUNE,RANCHI,EP_BP,96.86668
PUNE,RANCHI,ES,171.59308
PUNE,SILIGURI,EP_BP,18.511960000000002
PUNE,SILIGURI,ES,32.408
PUNE,SURAT,EP_BP,42.488279999999996
PUNE,SURAT,ES,88.7576
PUNE,TRICHY,EP_BP,33.206759999999996
PUNE,TRICHY,ES,42.26168
PUNE,VARANASI,EP_BP,30.79084
PUNE,VARANASI,ES,63.41088
PUNE,VIJAYAWADA,EP_BP,31.374280000000002
PUNE,VIJAYAWADA,ES,66.04692
RAIPUR,AGARTALA,EP_BP,6.81208
RAIPUR,AGARTALA,ES,1.8282
RAIPUR,AGRA,EP_BP,19.07916
RAIPUR,AGRA,ES,8.82248
RAIPUR,AHMEDABAD,EP_BP,59.74964
RAIPUR,AHMEDABAD,ES,44.50656
RAIPUR,BANGALORE,EP_BP,158.96624
RAIPUR,BANGALORE,ES,110.93744
RAIPUR,BARODA,EP_BP,8.3746
RAIPUR,BARODA,ES,14.007719999999999
RAIPUR,BENGALURU,EP_BP,0.8568
RAIPUR,BHUBANESHWAR,EP_BP,33.76292
RAIPUR,BHUBANESHWAR,ES,46.77384
RAIPUR,CHANDIGARH,EP_BP,112.87684
RAIPUR,CHANDIGARH,ES,62.40096
RAIPUR,CHENNAI,EP_BP,67.85996
RAIPUR,CHENNAI,ES,93.65032
RAIPUR,COCHIN,EP_BP,61.52468
RAIPUR,COCHIN,ES,37.38344
RAIPUR,COIMBATORE,EP_BP,17.516360000000002
RAIPUR,COIMBATORE,ES,13.38612
RAIPUR,DEHRADUN,EP_BP,19.89248
RAIPUR,DEHRADUN,ES,17.13448
RAIPUR,DELHI,EP_BP,292.93064
RAIPUR,DELHI,ES,269.27372
RAIPUR,DIBRUGARH,EP_BP,4.9598
RAIPUR,DIBRUGARH,ES,2.99208
RAIPUR,GUWAHATI,EP_BP,15.259120000000001
RAIPUR,GUWAHATI,ES,16.54116
RAIPUR,HYDERABAD,EP_BP,84.0856
RAIPUR,HYDERABAD,ES,61.15276
RAIPUR,INDORE,EP_BP,26.567159999999998
RAIPUR,INDORE,ES,27.0546
RAIPUR,JAIPUR,EP_BP,51.58536
RAIPUR,JAIPUR,ES,48.33808
RAIPUR,KANPUR,EP_BP,13.63532
RAIPUR,KANPUR,ES,11.89588
RAIPUR,KOLKATA,EP_BP,70.07124
RAIPUR,KOLKATA,ES,63.19268
RAIPUR,LUCKNOW,EP_BP,30.09684
RAIPUR,LUCKNOW,ES,11.46092
RAIPUR,MUMBAI,EP_BP,186.22184
RAIPUR,MUMBAI,ES,102.80588
RAIPUR,NAGPUR,EP_BP,17.186799999999998
RAIPUR,NAGPUR,ES,33.1736
RAIPUR,PATNA,EP_BP,40.39508
RAIPUR,PATNA,ES,42.4492
RAIPUR,PORT BLAIR,EP_BP,0.41184
RAIPUR,PORT BLAIR,ES,4.078320000000001
RAIPUR,PUNE,EP_BP,132.86336
RAIPUR,PUNE,ES,124.16311999999999
RAIPUR,RAIPUR,EP_BP,20.49788
RAIPUR,RAIPUR,ES,84.02459999999999
RAIPUR,RANCHI,EP_BP,23.87088
RAIPUR,RANCHI,ES,34.41548
RAIPUR,SILIGURI,EP_BP,22.71692
RAIPUR,SILIGURI,ES,9.22712
RAIPUR,SURAT,EP_BP,22.7032
RAIPUR,SURAT,ES,15.26792
RAIPUR,TRICHY,EP_BP,7.3999999999999995
RAIPUR,TRICHY,ES,11.02756
RAIPUR,VARANASI,EP_BP,26.74284
RAIPUR,VARANASI,ES,14.80776
RAIPUR,VIJAYAWADA,EP_BP,12.19948
RAIPUR,VIJAYAWADA,ES,6.433120000000001
RANCHI,AGARTALA,EP_BP,0.37188
RANCHI,AGARTALA,ES,2.28008
RANCHI,AGRA,EP_BP,1.81932
RANCHI,AGRA,ES,3.8398
RANCHI,AHMEDABAD,EP_BP,5.38652
RANCHI,AHMEDABAD,ES,21.29284
RANCHI,BANGALORE,EP_BP,32.97004
RANCHI,BANGALORE,ES,86.84908
RANCHI,BARODA,EP_BP,0.96796
RANCHI,BARODA,ES,4.12364
RANCHI,BENGALURU,EP_BP,0.28612
RANCHI,BHUBANESHWAR,EP_BP,22.78324
RANCHI,BHUBANESHWAR,ES,30.554479999999998
RANCHI,CHANDIGARH,EP_BP,11.8812
RANCHI,CHANDIGARH,ES,20.86164
RANCHI,CHENNAI,EP_BP,20.37564
RANCHI,CHENNAI,ES,32.79204
RANCHI,COCHIN,EP_BP,6.25288
RANCHI,COCHIN,ES,5.25212
RANCHI,COIMBATORE,EP_BP,4.39612
RANCHI,COIMBATORE,ES,3.10544
RANCHI,DEHRADUN,EP_BP,2.72532
RANCHI,DEHRADUN,ES,10.79748
RANCHI,DELHI,EP_BP,397.62584
RANCHI,DELHI,ES,139.49728
RANCHI,DIBRUGARH,EP_BP,0.71844
RANCHI,DIBRUGARH,ES,2.8274
RANCHI,GUWAHATI,EP_BP,3.9075599999999997
RANCHI,GUWAHATI,ES,7.89572
RANCHI,HYDERABAD,EP_BP,38.25032
RANCHI,HYDERABAD,ES,34.35664
RANCHI,INDORE,EP_BP,5.22084
RANCHI,INDORE,ES,9.7838
RANCHI,JAIPUR,EP_BP,5.51672
RANCHI,JAIPUR,ES,16.82844
RANCHI,KANPUR,EP_BP,0.6008
RANCHI,KANPUR,ES,3.1302
RANCHI,KOLKATA,EP_BP,28.39088
RANCHI,KOLKATA,ES,110.46252
RANCHI,LUCKNOW,EP_BP,2.47768
RANCHI,LUCKNOW,ES,8.16444
RANCHI,MUMBAI,EP_BP,26.29072
RANCHI,MUMBAI,ES,77.10184
RANCHI,NAGPUR,EP_BP,2.44704
RANCHI,NAGPUR,ES,7.72476
RANCHI,PATNA,EP_BP,13.66968
RANCHI,PATNA,ES,50.44072
RANCHI,PORT BLAIR,EP_BP,0.5004000000000001
RANCHI,PORT BLAIR,ES,3.0482
RANCHI,PUNE,EP_BP,21.69324
RANCHI,PUNE,ES,46.727759999999996
RANCHI,RAIPUR,EP_BP,11.9292
RANCHI,RAIPUR,ES,24.14564
RANCHI,RANCHI,EP_BP,32.2556
RANCHI,RANCHI,ES,111.36824
RANCHI,SILIGURI,EP_BP,5.15488
RANCHI,SILIGURI,ES,7.77916
RANCHI,SURAT,EP_BP,1.36856
RANCHI,SURAT,ES,8.46976
RANCHI,TRICHY,EP_BP,0.6059599999999999
RANCHI,TRICHY,ES,2.41364
RANCHI,VARANASI,EP_BP,2.10156
RANCHI,VARANASI,ES,10.60604
RANCHI,VIJAYAWADA,EP_BP,1.17324
RANCHI,VIJAYAWADA,ES,2.68572
SILIGURI,AGARTALA,EP_BP,0.7399600000000001
SILIGURI,AGARTALA,ES,1.8276000000000001
SILIGURI,AGRA,EP_BP,1.4172
SILIGURI,AGRA,ES,1.9332
SILIGURI,AHMEDABAD,EP_BP,6.28536
SILIGURI,AHMEDABAD,ES,56.14216
SILIGURI,BANGALORE,EP_BP,17.47328
SILIGURI,BANGALORE,ES,114.11399999999999
SILIGURI,BARODA,EP_BP,2.1402799999999997
SILIGURI,BARODA,ES,3.02048
SILIGURI,BENGALURU,EP_BP,0.4772799999999999
SILIGURI,BHUBANESHWAR,EP_BP,2.31592
SILIGURI,BHUBANESHWAR,ES,19.80336
SILIGURI,CHANDIGARH,EP_BP,8.0834
SILIGURI,CHANDIGARH,ES,24.01644
SILIGURI,CHENNAI,EP_BP,8.04072
SILIGURI,CHENNAI,ES,84.87888
SILIGURI,COCHIN,EP_BP,3.24688
SILIGURI,COCHIN,ES,47.321400000000004
SILIGURI,COIMBATORE,EP_BP,2.06248
SILIGURI,COIMBATORE,ES,2.2042800000000002
SILIGURI,DEHRADUN,EP_BP,1.34772
SILIGURI,DEHRADUN,ES,3.47344
SILIGURI,DELHI,EP_BP,221.6008
SILIGURI,DELHI,ES,728.50772
SILIGURI,DIBRUGARH,EP_BP,1.0192
SILIGURI,DIBRUGARH,ES,12.28908
SILIGURI,GUWAHATI,EP_BP,3.49304
SILIGURI,GUWAHATI,ES,23.4966
SILIGURI,HYDERABAD,EP_BP,15.92296
SILIGURI,HYDERABAD,ES,78.15823999999999
SILIGURI,INDORE,EP_BP,2.82488
SILIGURI,INDORE,ES,53.02432
SILIGURI,JAIPUR,EP_BP,4.5022400000000005
SILIGURI,JAIPUR,ES,5.91748
SILIGURI,KANPUR,EP_BP,0.56436
SILIGURI,KANPUR,ES,2.09972
SILIGURI,KOLKATA,EP_BP,62.83676
SILIGURI,KOLKATA,ES,239.85812
SILIGURI,LUCKNOW,EP_BP,1.66976
SILIGURI,LUCKNOW,ES,32.842
SILIGURI,MUMBAI,EP_BP,22.639680000000002
SILIGURI,MUMBAI,ES,212.75356000000002
SILIGURI,NAGPUR,EP_BP,1.29172
SILIGURI,NAGPUR,ES,11.55696
SILIGURI,PATNA,EP_BP,7.3740000000000006
SILIGURI,PATNA,ES,15.19612
SILIGURI,PORT BLAIR,ES,0.17524
SILIGURI,PUNE,EP_BP,10.05824
SILIGURI,PUNE,ES,204.89432
SILIGURI,RAIPUR,EP_BP,3.4228
SILIGURI,RAIPUR,ES,10.127040000000001
SILIGURI,RANCHI,EP_BP,2.98272
SILIGURI,RANCHI,ES,13.13528
SILIGURI,SILIGURI,EP_BP,38.873520000000006
SILIGURI,SILIGURI,ES,51.76796
SILIGURI,SURAT,EP_BP,2.13356
SILIGURI,SURAT,ES,7.479920000000001
SILIGURI,TRICHY,EP_BP,0.89032
SILIGURI,TRICHY,ES,0.81708
SILIGURI,VARANASI,EP_BP,1.32824
SILIGURI,VARANASI,ES,119.59444
SILIGURI,VIJAYAWADA,EP_BP,1.54624
SILIGURI,VIJAYAWADA,ES,19.06012
SURAT,AGARTALA,EP_BP,12.519279999999998
SURAT,AGARTALA,ES,18.97524
SURAT,AGRA,EP_BP,39.68424
SURAT,AGRA,ES,49.12664
SURAT,AHMEDABAD,EP_BP,65.51716
SURAT,AHMEDABAD,ES,50.242
SURAT,BANGALORE,EP_BP,597.94636
SURAT,BANGALORE,ES,406.41388
SURAT,BARODA,EP_BP,10.77068
SURAT,BARODA,ES,13.66944
SURAT,BENGALURU,EP_BP,11.504399999999999
SURAT,BHUBANESHWAR,EP_BP,62.53932
SURAT,BHUBANESHWAR,ES,44.791039999999995
SURAT,CHANDIGARH,EP_BP,279.93716
SURAT,CHANDIGARH,ES,288.75564
SURAT,CHENNAI,EP_BP,330.6352
SURAT,CHENNAI,ES,206.47704
SURAT,COCHIN,EP_BP,403.10792
SURAT,COCHIN,ES,200.01496
SURAT,COIMBATORE,EP_BP,170.8108
SURAT,COIMBATORE,ES,103.76568
SURAT,DEHRADUN,EP_BP,51.88952
SURAT,DEHRADUN,ES,66.17244
SURAT,DELHI,EP_BP,752.38776
SURAT,DELHI,ES,410.55372
SURAT,DIBRUGARH,EP_BP,21.47004
SURAT,DIBRUGARH,ES,7.9037999999999995
SURAT,GUWAHATI,EP_BP,28.989720000000002
SURAT,GUWAHATI,ES,36.57672
SURAT,HYDERABAD,EP_BP,678.3336
SURAT,HYDERABAD,ES,521.53028
SURAT,INDORE,EP_BP,65.16624
SURAT,INDORE,ES,44.34852
SURAT,JAIPUR,EP_BP,87.64583999999999
SURAT,JAIPUR,ES,70.25324
SURAT,KANPUR,EP_BP,29.64764
SURAT,KANPUR,ES,35.29596
SURAT,KOLKATA,EP_BP,307.09292
SURAT,KOLKATA,ES,365.21856
SURAT,LUCKNOW,EP_BP,69.18064
SURAT,LUCKNOW,ES,124.40396
SURAT,MUMBAI,EP_BP,191.08404
SURAT,MUMBAI,ES,129.63
SURAT,NAGPUR,EP_BP,39.42468
SURAT,NAGPUR,ES,25.6216
SURAT,PATNA,EP_BP,185.0062
SURAT,PATNA,ES,291.18148
SURAT,PORT BLAIR,EP_BP,0.9554
SURAT,PORT BLAIR,ES,3.0288800000000005
SURAT,PUNE,EP_BP,140.41667999999999
SURAT,PUNE,ES,119.92316
SURAT,RAIPUR,EP_BP,51.43832
SURAT,RAIPUR,ES,39.01144
SURAT,RANCHI,EP_BP,36.520559999999996
SURAT,RANCHI,ES,68.41608000000001
SURAT,SILIGURI,EP_BP,59.12036
SURAT,SILIGURI,ES,44.35936
SURAT,SURAT,EP_BP,17.65632
SURAT,SURAT,ES,37.37232
SURAT,TRICHY,EP_BP,79.91568
SURAT,TRICHY,ES,44.31056
SURAT,VARANASI,EP_BP,76.74684
SURAT,VARANASI,ES,75.44395999999999
SURAT,VIJAYAWADA,EP_BP,201.93016
SURAT,VIJAYAWADA,ES,209.12956
TRICHY,AGARTALA,EP_BP,0.393
TRICHY,AGARTALA,ES,0.99296
TRICHY,AGRA,EP_BP,2.7866
TRICHY,AGRA,ES,3.7348
TRICHY,AHMEDABAD,EP_BP,3.91004
TRICHY,AHMEDABAD,ES,51.60212
TRICHY,BANGALORE,EP_BP,48.79524
TRICHY,BANGALORE,ES,471.20612
TRICHY,BARODA,EP_BP,1.26684
TRICHY,BARODA,ES,10.29436
TRICHY,BHUBANESHWAR,EP_BP,4.1604
TRICHY,BHUBANESHWAR,ES,14.0972
TRICHY,CHANDIGARH,EP_BP,3.19164
TRICHY,CHANDIGARH,ES,28.60456
TRICHY,CHENNAI,EP_BP,34.3406
TRICHY,CHENNAI,ES,439.20772
TRICHY,COCHIN,EP_BP,10.90188
TRICHY,COCHIN,ES,185.88432
TRICHY,COIMBATORE,EP_BP,10.1058
TRICHY,COIMBATORE,ES,266.52336
TRICHY,DEHRADUN,EP_BP,2.833
TRICHY,DEHRADUN,ES,5.0033199999999995
TRICHY,DELHI,EP_BP,51.03224
TRICHY,DELHI,ES,177.6078
TRICHY,DIBRUGARH,EP_BP,0.16083999999999998
TRICHY,DIBRUGARH,ES,1.13544
TRICHY,GUWAHATI,EP_BP,0.40635999999999994
TRICHY,GUWAHATI,ES,6.12864
TRICHY,HYDERABAD,EP_BP,25.1058
TRICHY,HYDERABAD,ES,328.6416
TRICHY,INDORE,EP_BP,1.53092
TRICHY,INDORE,ES,11.16
TRICHY,JAIPUR,EP_BP,1.22484
TRICHY,JAIPUR,ES,20.55284
TRICHY,KANPUR,EP_BP,0.45856
TRICHY,KANPUR,ES,4.31048
TRICHY,KOLKATA,EP_BP,6.84476
TRICHY,KOLKATA,ES,60.366839999999996
TRICHY,LUCKNOW,EP_BP,0.5672
TRICHY,LUCKNOW,ES,6.74284
TRICHY,MUMBAI,EP_BP,25.03004
TRICHY,MUMBAI,ES,149.61344
TRICHY,NAGPUR,EP_BP,1.1978
TRICHY,NAGPUR,ES,15.09508
TRICHY,PATNA,EP_BP,3.86908
TRICHY,PATNA,ES,71.92128
TRICHY,PORT BLAIR,EP_BP,0.147
TRICHY,PORT BLAIR,ES,0.32504
TRICHY,PUNE,EP_BP,11.114
TRICHY,PUNE,ES,56.80852
TRICHY,RAIPUR,EP_BP,3.23584
TRICHY,RAIPUR,ES,12.93216
TRICHY,RANCHI,EP_BP,3.04164
TRICHY,RANCHI,ES,14.68068
TRICHY,SILIGURI,EP_BP,0.41796
TRICHY,SILIGURI,ES,4.54784
TRICHY,SURAT,EP_BP,1.6020400000000001
TRICHY,SURAT,ES,36.49764
TRICHY,TRICHY,EP_BP,12.04324
TRICHY,TRICHY,ES,259.54356
TRICHY,VARANASI,EP_BP,0.86872
TRICHY,VARANASI,ES,12.84084
TRICHY,VIJAYAWADA,EP_BP,10.03668
TRICHY,VIJAYAWADA,ES,148.7002
VARANASI,AGARTALA,EP_BP,0.25776
VARANASI,AGARTALA,ES,7.37752
VARANASI,AGRA,EP_BP,1.49448
VARANASI,AGRA,ES,34.98548
VARANASI,AHMEDABAD,EP_BP,7.022880000000001
VARANASI,AHMEDABAD,ES,114.94296
VARANASI,BANGALORE,EP_BP,20.86024
VARANASI,BANGALORE,ES,404.1642
VARANASI,BARODA,EP_BP,2.1472
VARANASI,BARODA,ES,26.38404
VARANASI,BENGALURU,EP_BP,0.024
VARANASI,BENGALURU,ES,0.316
VARANASI,BHUBANESHWAR,EP_BP,2.87636
VARANASI,BHUBANESHWAR,ES,25.94064
VARANASI,CHANDIGARH,EP_BP,6.19368
VARANASI,CHANDIGARH,ES,117.35096
VARANASI,CHENNAI,EP_BP,5.67452
VARANASI,CHENNAI,ES,299.71308
VARANASI,COCHIN,EP_BP,3.0258
VARANASI,COCHIN,ES,149.05704
VARANASI,COIMBATORE,EP_BP,1.38064
VARANASI,COIMBATORE,ES,119.89608
VARANASI,DEHRADUN,EP_BP,2.40328
VARANASI,DEHRADUN,ES,41.79836
VARANASI,DELHI,EP_BP,332.82064
VARANASI,DELHI,ES,525.268
VARANASI,DIBRUGARH,EP_BP,0.33108
VARANASI,DIBRUGARH,ES,14.597240000000001
VARANASI,GUWAHATI,EP_BP,1.1983199999999998
VARANASI,GUWAHATI,ES,18.90448
VARANASI,HYDERABAD,EP_BP,28.13756
VARANASI,HYDERABAD,ES,461.84716
VARANASI,INDORE,EP_BP,1.399
VARANASI,INDORE,ES,43.34748
VARANASI,JAIPUR,EP_BP,4.38116
VARANASI,JAIPUR,ES,70.8466
VARANASI,KANPUR,EP_BP,2.85444
VARANASI,KANPUR,ES,54.91584
VARANASI,KOLKATA,EP_BP,10.55236
VARANASI,KOLKATA,ES,199.75827999999998
VARANASI,LUCKNOW,EP_BP,9.04636
VARANASI,LUCKNOW,ES,202.53176
VARANASI,MUMBAI,EP_BP,29.44892
VARANASI,MUMBAI,ES,356.54188
VARANASI,NAGPUR,EP_BP,1.36344
VARANASI,NAGPUR,ES,35.99848
VARANASI,PATNA,EP_BP,2.1745200000000002
VARANASI,PATNA,ES,84.35516
VARANASI,PORT BLAIR,EP_BP,0.0452
VARANASI,PORT BLAIR,ES,0.90412
VARANASI,PUNE,EP_BP,12.46016
VARANASI,PUNE,ES,156.44604
VARANASI,RAIPUR,EP_BP,6.83848
VARANASI,RAIPUR,ES,39.136919999999996
VARANASI,RANCHI,EP_BP,2.14608
VARANASI,RANCHI,ES,30.10144
VARANASI,SILIGURI,EP_BP,0.67668
VARANASI,SILIGURI,ES,23.29252
VARANASI,SURAT,EP_BP,1.83564
VARANASI,SURAT,ES,70.13144
VARANASI,TRICHY,EP_BP,0.74652
VARANASI,TRICHY,ES,107.5912
VARANASI,VARANASI,EP_BP,5.82208
VARANASI,VARANASI,ES,215.92108
VARANASI,VIJAYAWADA,EP_BP,1.84344
VARANASI,VIJAYAWADA,ES,131.65592
VIJAYAWADA,AGARTALA,EP_BP,0.25404
VIJAYAWADA,AGARTALA,ES,2.37504
VIJAYAWADA,AGRA,EP_BP,0.93096
VIJAYAWADA,AGRA,ES,2.81208
VIJAYAWADA,AHMEDABAD,EP_BP,7.02176
VIJAYAWADA,AHMEDABAD,ES,28.557000000000002
VIJAYAWADA,BANGALORE,EP_BP,110.54836
VIJAYAWADA,BANGALORE,ES,612.41512
VIJAYAWADA,BARODA,EP_BP,1.45176
VIJAYAWADA,BARODA,ES,9.31236
VIJAYAWADA,BENGALURU,EP_BP,0.1352
VIJAYAWADA,BHUBANESHWAR,EP_BP,3.11532
VIJAYAWADA,BHUBANESHWAR,ES,17.76472
VIJAYAWADA,CHANDIGARH,EP_BP,8.13036
VIJAYAWADA,CHANDIGARH,ES,21.53516
VIJAYAWADA,CHENNAI,EP_BP,70.6208
VIJAYAWADA,CHENNAI,ES,556.9594000000001
VIJAYAWADA,COCHIN,EP_BP,14.43228
VIJAYAWADA,COCHIN,ES,33.1412
VIJAYAWADA,COIMBATORE,EP_BP,16.12512
VIJAYAWADA,COIMBATORE,ES,46.955040000000004
VIJAYAWADA,DEHRADUN,EP_BP,1.4396
VIJAYAWADA,DEHRADUN,ES,9.6036
VIJAYAWADA,DELHI,EP_BP,73.15836
VIJAYAWADA,DELHI,ES,104.97283999999999
VIJAYAWADA,DIBRUGARH,EP_BP,0.79556
VIJAYAWADA,DIBRUGARH,ES,2.08476
VIJAYAWADA,GUWAHATI,EP_BP,1.2122
VIJAYAWADA,GUWAHATI,ES,6.47656
VIJAYAWADA,HYDERABAD,EP_BP,214.9044
VIJAYAWADA,HYDERABAD,ES,2251.61624
VIJAYAWADA,INDORE,EP_BP,2.1083600000000002
VIJAYAWADA,INDORE,ES,10.74616
VIJAYAWADA,JAIPUR,EP_BP,3.06156
VIJAYAWADA,JAIPUR,ES,17.44768
VIJAYAWADA,KANPUR,EP_BP,1.2228
VIJAYAWADA,KANPUR,ES,2.5768400000000002
VIJAYAWADA,KOLKATA,EP_BP,7.92776
VIJAYAWADA,KOLKATA,ES,30.47532
VIJAYAWADA,LUCKNOW,EP_BP,2.56428
VIJAYAWADA,LUCKNOW,ES,3.7843999999999998
VIJAYAWADA,MUMBAI,EP_BP,30.87264
VIJAYAWADA,MUMBAI,ES,109.26452
VIJAYAWADA,NAGPUR,EP_BP,2.79692
VIJAYAWADA,NAGPUR,ES,23.4116
VIJAYAWADA,PATNA,EP_BP,38.28
VIJAYAWADA,PATNA,ES,599.5962000000001
VIJAYAWADA,PORT BLAIR,EP_BP,0.048920000000000005
VIJAYAWADA,PORT BLAIR,ES,0.36347999999999997
VIJAYAWADA,PUNE,EP_BP,19.31972
VIJAYAWADA,PUNE,ES,62.83824
VIJAYAWADA,RAIPUR,EP_BP,1.88964
VIJAYAWADA,RAIPUR,ES,14.53204
VIJAYAWADA,RANCHI,EP_BP,2.5092
VIJAYAWADA,RANCHI,ES,8.62488
VIJAYAWADA,SILIGURI,EP_BP,0.54932
VIJAYAWADA,SILIGURI,ES,2.31236
VIJAYAWADA,SURAT,EP_BP,1.73788
VIJAYAWADA,SURAT,ES,16.77392
VIJAYAWADA,TRICHY,EP_BP,4.53632
VIJAYAWADA,TRICHY,ES,30.73492
VIJAYAWADA,VARANASI,EP_BP,2.45392
VIJAYAWADA,VARANASI,ES,8.95648
VIJAYAWADA,VIJAYAWADA,EP_BP,82.33512
VIJAYAWADA,VIJAYAWADA,ES,1980.43772
