,Branch,Hub,Hub City,Final_Airport_City
0,K96-NORTH BENGAL T/S APEX,K66-SILIGURI-MATIGARA APEX,SILIGURI,SILIGURI
1,K83-KOLKATA DP PROCESSING AND DELIVERY BRANCH,K16-KOLKATA RAJARHAT APEX,KOLKATA,KOLKATA
2,L23-MANESAR BRANCH,L24-BILASPUR APEX,BILASPUR,RAIPUR
3,L04-GURGAON BRANCH,L14-GURGAON SCS APEX,GURGAON,DELHI
4,M13-MUMBAI INTERNATIONAL APEX,M10-MUMBAI SAKINAKA APEX,MUMBAI,MUMBAI
5,M35-BHIWANDI BRANCH,M33-MUMBAI VADPE APEX,MUMBAI,MUMBAI
6,M69-MUMBAI DP PROCESSING CENTRE APEX,M10-MUMBAI SAKINAKA APEX,MUMBAI,MUMBAI
7,M54-MAROL BRANCH,M10-MUMBAI SAKINAKA APEX,MUMBAI,MUMBAI
8,M72-WEST MUMBAI VADAPE STORAGE CENTER APEX,M33-MUMBAI VADPE APEX,MUMBAI,MUMBAI
9,M75-MUMBAI VADAPE- BHIWANDI PROCESSING CENTER,M33-MUMBAI VADPE APEX,MUMBAI,MUMBAI
10,U23-RUDRAPUR BRANCH,U37-RUDRAPUR SCS APEX,RUDRAPUR,DELHI
11,U28-SELAQUI BRANCH,U36-DEHRADUN SCS APEX,DEHRADUN,DEHRADUN
12,V58-VIJAYAWADA BRANCH,V06-VIJAYAWADA APEX,VIJAYAWADA,VIJAYAWADA
13,W52-MANCHESWAR BRANCH,W53-BHUBANESWAR AIR APEX,BHUBANESWAR,BHUBANESHWAR
14,X11-AGARTALA T/S APEX,X03-AGARTALA APEX,AGARTALA,AGARTALA
15,X10-LANUNG GAON BRANCH,X01-DHARAPUR APEX,DHARAPUR,GUWAHATI
16,U09-AGRA BRANCH,U34-AGRA SCS APEX,AGRA,AGRA
17,U146-GHAZIABAD BRANCH,U11-GHAZIABAD APEX,GHAZIABAD,DELHI
18,T14-RANCHI CITY BRANCH,T02-RANCHI APEX,RANCHI,RANCHI
19,T10-ZERO MILE BRANCH,T01-PATNA APEX,PATNA,PATNA
20,T33-RANCHI T/S APEX,T02-RANCHI APEX,RANCHI,RANCHI
21,T17-BIHAR T/S APEX,T01-PATNA APEX,PATNA,PATNA
22,T12-PATNA T/S APEX,T01-PATNA APEX,PATNA,PATNA
23,T35-JHARKHAND T/S APEX,T02-RANCHI APEX,RANCHI,RANCHI
24,Q06-JAIPUR VAISHALINAGAR BRANCH,Q05-JAIPUR APEX,JAIPUR,JAIPUR
25,P44-PUNE DIGHI BRANCH,P01-PUNE APEX,PUNE,PUNE
26,N39-NORTH DELHI SAMALKHA STORAGE CENTER APEX,N05-DELHI SAMALKHA APEX,DELHI,DELHI
27,N24-DELHI ECOMMERCE PROCESSING CENTRE APEX,N05-DELHI SAMALKHA APEX,DELHI,DELHI
28,N12-NARAINA MASS MAIL PROCESSING OUTSOURCED BRANCH,N05-DELHI SAMALKHA APEX,DELHI,DELHI
29,N20-DELHI DP PROCESSING CENTRE APEX,N05-DELHI SAMALKHA APEX,DELHI,DELHI
30,N06-DELHI SAMALKHA INTERNATIONAL APEX,N05-DELHI SAMALKHA APEX,DELHI,DELHI
31,N04-NORTH T/S APEX,N05-DELHI SAMALKHA APEX,DELHI,DELHI
32,I46-INDORE DEWASNAKA BRANCH,I01-INDORE APEX,INDORE,INDORE
33,I42-INDORE CITY BRANCH,I01-INDORE APEX,INDORE,INDORE
34,K55-KOLKATA T/S APEX,K16-KOLKATA RAJARHAT APEX,KOLKATA,KOLKATA
35,K72-KONA BRANCH,K95-KOLKATA PAKURIA APEX,KOLKATA,KOLKATA
36,B37-BLR DP PROCESSING APEX,B10-BANGALORE YELAHANKA APEX,BANGALORE,BANGALORE
37,B112-SOUTH BANGALORE STORAGE CENTER APEX,B10-BANGALORE YELAHANKA APEX,BANGALORE,BANGALORE
38,B24-BANGALORE INTERNATIONAL BRANCH,B10-BANGALORE YELAHANKA APEX,BANGALORE,BANGALORE
39,B14-BANGALORE T/S APEX,B10-BANGALORE YELAHANKA APEX,BANGALORE,BANGALORE
40,H64-TELANGANA T/S APEX,H13-HYDERABAD SHAMSHABAD APEX,HYDERABAD,HYDERABAD
41,K128-EAST KOLKATA KONA STORAGE CENTER APEX,K95-KOLKATA PAKURIA APEX,KOLKATA,KOLKATA
42,J06-AMBALA BRANCH,J10-AMBALA APEX,AMBALA,CHANDIGARH
43,K65-KOLKATA HP APEX,K16-KOLKATA RAJARHAT APEX,KOLKATA,KOLKATA
44,K02-DTDC BHAWAN,K16-KOLKATA RAJARHAT APEX,KOLKATA,KOLKATA
45,K05-RAJARHAT BRANCH,K16-KOLKATA RAJARHAT APEX,KOLKATA,KOLKATA
46,I04-INDORE T/S APEX,I01-INDORE APEX,INDORE,INDORE
47,L30-GURGAON T/S APEX,L24-BILASPUR APEX,BILASPUR,RAIPUR
48,C75-VELAPPANCHAVADI T/S APEX,C42-GUINDY APEX,GUINDY,CHENNAI
49,O91-COCHIN T/S APEX,O06-COCHIN APEX,COCHIN,COCHIN
50,P75-PUNE T/S APEX,P01-PUNE APEX,PUNE,PUNE
51,Q46-JAIPUR T/S APEX,Q05-JAIPUR APEX,JAIPUR,JAIPUR
52,U147-LUCKNOW T/S APEX,U43-LUCKNOW APEX,LUCKNOW,LUCKNOW
53,B119-BANGALORE AIRPORT,B10-BANGALORE YELAHANKA APEX,BANGALORE,BANGALORE
54,A54-SURAT AIRPORT,A04-SURAT APEX,SURAT,SURAT
55,Q47-JAIPUR AIRPORT,Q05-JAIPUR APEX,JAIPUR,JAIPUR
56,P76-PUNE AIRPORT,P01-PUNE APEX,PUNE,PUNE
57,O92-COCHIN AIRPORT,O06-COCHIN APEX,COCHIN,COCHIN
58,N44-DELHI AIRPORT,N05-DELHI SAMALKHA APEX,DELHI,DELHI
59,M84-MUMBAI AIRPORT,M10-MUMBAI SAKINAKA APEX,MUMBAI,MUMBAI
60,K134-KOLKATA AIRPORT,K16-KOLKATA RAJARHAT APEX,KOLKATA,KOLKATA
61,V61-VIJAYAWADA AIRPORT,V06-VIJAYAWADA APEX,VIJAYAWADA,VIJAYAWADA
62,V60-VISAKHAPATNAM AIRPORT,V02-VISHAKAPATNAM APEX,PATNA,PATNA
63,A53-AHMEDABAD AIRPORT,A01-AHMEDABAD APEX,AHMEDABAD,AHMEDABAD
64,A52-AHMEDABAD T/S APEX,A01-AHMEDABAD APEX,AHMEDABAD,AHMEDABAD
65,V59-VIJAYAWADA T/S APEX,V06-VIJAYAWADA APEX,VIJAYAWADA,VIJAYAWADA
66,E58-COIMBATORE T/S APEX,E01-COIMBATORE APEX,COIMBATORE,COIMBATORE
67,M83-MUMBAI SAKINAKA T/S APEX,M10-MUMBAI SAKINAKA APEX,MUMBAI,MUMBAI
68,C76-VELAPPANCHAVADI AIRPORT,C42-GUINDY APEX,GUINDY,CHENNAI
69,M85-BHIWANDI RKG BRANCH,M33-MUMBAI VADPE APEX,MUMBAI,MUMBAI
70,I48-IP DISPATCH INDORE BRANCH,I01-INDORE APEX,INDORE,INDORE
71,R33-NAGPUR AIRPORT,R01-NAGPUR AIR APEX,NAGPUR,NAGPUR
72,T90-PATNA AIRPORT,T01-PATNA APEX,PATNA,PATNA
73,U148-VARANASI AIRPORT,U04-VARANASI APEX,VARANASI,VARANASI
74,T91-RANCHI AIRPORT,T02-RANCHI APEX,RANCHI,RANCHI
75,U149-LUCKNOW AIRPORT,U43-LUCKNOW APEX,LUCKNOW,LUCKNOW
76,W57-BHIMATANGI IGSP BRANCH,W53-BHUBANESWAR AIR APEX,BHUBANESWAR,BHUBANESHWAR
77,Q48-IP DISPATCH JAIPUR BRANCH,Q05-JAIPUR APEX,JAIPUR,JAIPUR
78,N45-ROHINI APEX,N05-DELHI SAMALKHA APEX,DELHI,DELHI
79,W56-BHUBANESWAR AIRPORT,W53-BHUBANESWAR AIR APEX,BHUBANESWAR,BHUBANESHWAR
80,X43-DHARAPUR AIRPORT,X01-DHARAPUR APEX,DHARAPUR,GUWAHATI
81,I47-INDORE AIRPORT,I01-INDORE APEX,INDORE,INDORE
82,H106-HYDERABAD AIRPORT,H13-HYDERABAD SHAMSHABAD APEX,HYDERABAD,HYDERABAD
83,E59-COIMBATORE AIRPORT,E01-COIMBATORE APEX,COIMBATORE,COIMBATORE
84,U150-KANPUR CITY BRANCH,U40-KANPUR SCS APEX,KANPUR,KANPUR
85,R05-NAGPUR T/S APEX,R01-NAGPUR AIR APEX,NAGPUR,NAGPUR
86,A48-CHILODA BRANCH,A01-AHMEDABAD APEX,AHMEDABAD,AHMEDABAD
87,B26-KOGILU BRANCH,B10-BANGALORE YELAHANKA APEX,BANGALORE,BANGALORE
88,U27-KASHIPUR BRANCH,U35-KASHIPUR SCS APEX,KASHIPUR,DEHRADUN
89,X42-DHARAPUR T/S APEX,X01-DHARAPUR APEX,DHARAPUR,GUWAHATI
90,X04-DIBRUGARH BRANCH,X21-DIBRUGARH APEX,DIBRUGARH,DIBRUGARH
91,J12-BADDI SUPER FRANCHISEE,J33-BADDI SCS APEX,BADDI,CHANDIGARH
92,K129-KHAPRAIL BRANCH,K66-SILIGURI-MATIGARA APEX,SILIGURI,SILIGURI
93,K135-SILIGURI-MATIGARA AIRPORT,K66-SILIGURI-MATIGARA APEX,SILIGURI,SILIGURI
94,B117-YELAHANKA T/S APEX,B10-BANGALORE YELAHANKA APEX,BANGALORE,BANGALORE
95,N31-GREATER NOIDA BRANCH,U38-NOIDA SCS APEX,NOIDA,DELHI
96,C35-CHENNAI INTERNATIONAL BRANCH,C42-GUINDY APEX,GUINDY,CHENNAI
97,C74-THIRUVERKADU BRANCH,C42-GUINDY APEX,GUINDY,CHENNAI
98,C54-CHENNAI DP PROCESSING CENTRE APEX,C42-GUINDY APEX,GUINDY,CHENNAI
99,E21-COIMBATORE GANAPATHY BRANCH,E01-COIMBATORE APEX,COIMBATORE,COIMBATORE
100,U03-KANPUR BRANCH,U40-KANPUR SCS APEX,KANPUR,KANPUR
101,Q01-JAIPUR LALKOTHI BRANCH,Q05-JAIPUR APEX,JAIPUR,JAIPUR
102,L03-GURGAON - HERO HONDA CHOWK BRANCH,L14-GURGAON SCS APEX,GURGAON,DELHI
103,U30-VAISHALI BRANCH,U33-SAHIBABAD SCS APEX,SAHIBABAD,DELHI
104,U21-SAHIBABAD BRANCH,U33-SAHIBABAD SCS APEX,SAHIBABAD,DELHI
105,M04-MIDC BRANCH,M10-MUMBAI SAKINAKA APEX,MUMBAI,MUMBAI
106,W21-RUCHIKA MARKET BRANCH,W53-BHUBANESWAR AIR APEX,BHUBANESWAR,BHUBANESHWAR
107,M06-GHATKOPAR BRANCH,M10-MUMBAI SAKINAKA APEX,MUMBAI,MUMBAI
108,C38-PORUR BRANCH,C42-GUINDY APEX,GUINDY,CHENNAI
109,J21-MOHALI BRANCH,J29-PANCHKULA APEX,PANCHKULA,CHANDIGARH
110,L02-GURGAON MASTER FRANCHISEE,L14-GURGAON SCS APEX,GURGAON,DELHI
111,Q17-MANSAROVAR BRANCH,Q05-JAIPUR APEX,JAIPUR,JAIPUR
112,X36-AMINGAON BRANCH,X01-DHARAPUR APEX,DHARAPUR,GUWAHATI
113,R32-NAGPUR GHAT ROAD BRANCH,R01-NAGPUR AIR APEX,NAGPUR,NAGPUR
114,L27-GURGAON - SOHNA ROAD BRANCH,L14-GURGAON SCS APEX,GURGAON,DELHI
115,N42-ECOTECH 12 NOIDA BRANCH,U38-NOIDA SCS APEX,NOIDA,DELHI
116,J01-CHANDIGARH BRANCH,J29-PANCHKULA APEX,PANCHKULA,CHANDIGARH
117,J13-PANCHKULA BRANCH,J29-PANCHKULA APEX,PANCHKULA,CHANDIGARH
118,J55-PANCHKULA T/S APEX,J29-PANCHKULA APEX,PANCHKULA,CHANDIGARH
119,J56-PANCHKULA AIRPORT,J29-PANCHKULA APEX,PANCHKULA,CHANDIGARH
120,U139-LUCKNOW TRANSPORT NAGAR BRANCH,U43-LUCKNOW APEX,LUCKNOW,LUCKNOW
121,M48-ANDHERI BRANCH,M10-MUMBAI SAKINAKA APEX,MUMBAI,MUMBAI
122,V16-GAJUWAKA SUPER FRANCHISEE,V02-VISHAKAPATNAM APEX,PATNA,PATNA
123,C37-AMBATTUR BRANCH,C42-GUINDY APEX,GUINDY,CHENNAI
124,A02-BARODA BRANCH,A17-BARODA SCS APEX,BARODA,BARODA
125,L01-GURGAON DP PROCESSING CENTER APEX,L14-GURGAON SCS APEX,GURGAON,DELHI
126,W55-BHUBANESWAR T/S APEX,W53-BHUBANESWAR AIR APEX,BHUBANESWAR,BHUBANESHWAR
127,O23-COCHIN BRANCH,O06-COCHIN APEX,COCHIN,COCHIN
128,K68-SALT LAKE BRANCH,K16-KOLKATA RAJARHAT APEX,KOLKATA,KOLKATA
129,U130-VARANASI BRANCH,U04-VARANASI APEX,VARANASI,VARANASI
130,M45-CHEMBUR BRANCH,M10-MUMBAI SAKINAKA APEX,MUMBAI,MUMBAI
131,H71-MEHDIPATNAM MASTER FRANCHISEE,H13-HYDERABAD SHAMSHABAD APEX,HYDERABAD,HYDERABAD
132,B11-HENNUR BRANCH,B10-BANGALORE YELAHANKA APEX,BANGALORE,BANGALORE
133,N32-NOIDA PH3 BRANCH,U38-NOIDA SCS APEX,NOIDA,DELHI
134,M05-GOREGAON BRANCH,M10-MUMBAI SAKINAKA APEX,MUMBAI,MUMBAI
135,K15-SILIGURI BRANCH,K66-SILIGURI-MATIGARA APEX,SILIGURI,SILIGURI
136,M74-MUMBAI DRS/POD SCAN CENTRE BRANCH,M10-MUMBAI SAKINAKA APEX,MUMBAI,MUMBAI
137,P12-PUNE SHIVAJI NAGAR BRANCH,P01-PUNE APEX,PUNE,PUNE
138,P64-PUNE INTERNATIONAL BRANCH,P01-PUNE APEX,PUNE,PUNE
139,M78-ANDHERI WEST BRANCH,M10-MUMBAI SAKINAKA APEX,MUMBAI,MUMBAI
140,N30-NOIDA APEX,U38-NOIDA SCS APEX,NOIDA,DELHI
141,T89-SAGUNA MORE BRANCH,T01-PATNA APEX,PATNA,PATNA
142,K04-BAGHBAZAR BRANCH,K16-KOLKATA RAJARHAT APEX,KOLKATA,KOLKATA
143,Q35-JAIPUR VKI BRANCH,Q05-JAIPUR APEX,JAIPUR,JAIPUR
144,P04-PUNE PIMPRI BRANCH,P01-PUNE APEX,PUNE,PUNE
145,A46-SURAT CITY BRANCH,A04-SURAT APEX,SURAT,SURAT
146,B116-MALLESHWARAM IGSP BRANCH,B10-BANGALORE YELAHANKA APEX,BANGALORE,BANGALORE
147,J16-RAJPURA BRANCH,J10-AMBALA APEX,AMBALA,CHANDIGARH
148,N35-PARI CHOWK BRANCH,U38-NOIDA SCS APEX,NOIDA,DELHI
149,C14-AMINJIKARAI BRANCH,C42-GUINDY APEX,GUINDY,CHENNAI
150,C30-TAMBARAM MASTER FRANCHISEE,C42-GUINDY APEX,GUINDY,CHENNAI
151,J54-KHARAR BRANCH,J29-PANCHKULA APEX,PANCHKULA,CHANDIGARH
152,T32-EXHIBITION ROAD BRANCH,T01-PATNA APEX,PATNA,PATNA
153,H70-GACHIBOWLI MASTER FRANCHISEE,H13-HYDERABAD SHAMSHABAD APEX,HYDERABAD,HYDERABAD
154,Q41-BAGRU BRANCH,Q05-JAIPUR APEX,JAIPUR,JAIPUR
155,A11-KHOKHRA BRANCH,A01-AHMEDABAD APEX,AHMEDABAD,AHMEDABAD
156,M68-BANDRA SORTING OFFICE,M10-MUMBAI SAKINAKA APEX,MUMBAI,MUMBAI
157,N03-NARAINA CITY BRANCH,N05-DELHI SAMALKHA APEX,DELHI,DELHI
158,A24-AHMEDABAD BRANCH,A01-AHMEDABAD APEX,AHMEDABAD,AHMEDABAD
159,W40-KHURDA NODAL POINT,W53-BHUBANESWAR AIR APEX,BHUBANESWAR,BHUBANESHWAR
160,K28-BY-PASS BRANCH,K16-KOLKATA RAJARHAT APEX,KOLKATA,KOLKATA
161,K08-HOWRAH BRANCH,K95-KOLKATA PAKURIA APEX,KOLKATA,KOLKATA
162,K26-KOLKATA INTERNATIONAL APEX,K16-KOLKATA RAJARHAT APEX,KOLKATA,KOLKATA
163,P50-CHAKAN BRANCH,P01-PUNE APEX,PUNE,PUNE
164,M47-KALYAN BRANCH,M33-MUMBAI VADPE APEX,MUMBAI,MUMBAI
165,M59-BHANDUP BRANCH,M10-MUMBAI SAKINAKA APEX,MUMBAI,MUMBAI
166,C13-GUINDY BRANCH,C42-GUINDY APEX,GUINDY,CHENNAI
167,R12-AMRAVATI BRANCH,V06-VIJAYAWADA APEX,VIJAYAWADA,VIJAYAWADA
168,K81-SERAMPORE SUPER FRANCHISEE,K95-KOLKATA PAKURIA APEX,KOLKATA,KOLKATA
169,C48-MADHAVARAM BRANCH,C42-GUINDY APEX,GUINDY,CHENNAI
170,A36-AHMEDABAD WEST BRANCH,A01-AHMEDABAD APEX,AHMEDABAD,AHMEDABAD
171,K01-MOULALI BRANCH,K16-KOLKATA RAJARHAT APEX,KOLKATA,KOLKATA
172,P24-WAGHOLI BRANCH,P01-PUNE APEX,PUNE,PUNE
173,U10-DEHRADUN BRANCH,U36-DEHRADUN SCS APEX,DEHRADUN,DEHRADUN
174,M80-ANDHERI WEST IGSP BRANCH,M10-MUMBAI SAKINAKA APEX,MUMBAI,MUMBAI
175,U143-GOMTI NAGAR BRANCH,U43-LUCKNOW APEX,LUCKNOW,LUCKNOW
176,W02-CUTTACK BRANCH,W53-BHUBANESWAR AIR APEX,BHUBANESWAR,BHUBANESHWAR
177,U01-LUCKNOW BRANCH,U43-LUCKNOW APEX,LUCKNOW,LUCKNOW
178,X22-DISPUR BRANCH,X01-DHARAPUR APEX,DHARAPUR,GUWAHATI
179,B09-RAJAJINAGAR BRANCH,B10-BANGALORE YELAHANKA APEX,BANGALORE,BANGALORE
180,N10-JHANDEWALAN BRANCH,N05-DELHI SAMALKHA APEX,DELHI,DELHI
181,S02-FARIDABAD BRANCH,U38-NOIDA SCS APEX,NOIDA,DELHI
182,K06-AGARPARA SUPER FRANCHISEE,K16-KOLKATA RAJARHAT APEX,KOLKATA,KOLKATA
183,A38-GANDHINAGAR BRANCH,A01-AHMEDABAD APEX,AHMEDABAD,AHMEDABAD
184,M07-THANE BRANCH,M10-MUMBAI SAKINAKA APEX,MUMBAI,MUMBAI
185,H08-BANJARAHILLS MASTER FRANCHISEE,H13-HYDERABAD SHAMSHABAD APEX,HYDERABAD,HYDERABAD
186,U48-MAHANAGAR LUCKNOW BRANCH,U43-LUCKNOW APEX,LUCKNOW,LUCKNOW
187,M01-LOWER PAREL BRANCH,M10-MUMBAI SAKINAKA APEX,MUMBAI,MUMBAI
188,M61-DAHISAR BRANCH,M10-MUMBAI SAKINAKA APEX,MUMBAI,MUMBAI
189,H11-KARMANGHAT BRANCH,H13-HYDERABAD SHAMSHABAD APEX,HYDERABAD,HYDERABAD
190,B34-CORPORATE STORES - SIRSI CIRCLE BRANCH,B10-BANGALORE YELAHANKA APEX,BANGALORE,BANGALORE
191,B08-PEENYA BRANCH,B10-BANGALORE YELAHANKA APEX,BANGALORE,BANGALORE
192,B07-CHAMRAJPET BRANCH,B10-BANGALORE YELAHANKA APEX,BANGALORE,BANGALORE
193,B115-KAMBIPURA IGSP BRANCH,B10-BANGALORE YELAHANKA APEX,BANGALORE,BANGALORE
194,C50-SRM - POTHERI SUPER FRANCHISEE,C42-GUINDY APEX,GUINDY,CHENNAI
195,K88-CAMAC STREET BRANCH,K16-KOLKATA RAJARHAT APEX,KOLKATA,KOLKATA
196,H07-BASHEERBAGH BRANCH,H13-HYDERABAD SHAMSHABAD APEX,HYDERABAD,HYDERABAD
197,M66-MAHAPE BRANCH,M10-MUMBAI SAKINAKA APEX,MUMBAI,MUMBAI
198,J26-KUNDLI BRANCH,N05-DELHI SAMALKHA APEX,DELHI,DELHI
199,O13-ALWAYE BRANCH,O06-COCHIN APEX,COCHIN,COCHIN
200,B15-CORPORATE OFFICE APEX,B10-BANGALORE YELAHANKA APEX,BANGALORE,BANGALORE
201,U135-BARABANKI SORTING OFFICE,U43-LUCKNOW APEX,LUCKNOW,LUCKNOW
202,P15-MARKET YARD BRANCH,P01-PUNE APEX,PUNE,PUNE
203,M08-VASHI BRANCH,M10-MUMBAI SAKINAKA APEX,MUMBAI,MUMBAI
204,K37-BAHARAMPORE BRANCH,K95-KOLKATA PAKURIA APEX,KOLKATA,KOLKATA
205,B35-WHITE FIELD BRANCH,B10-BANGALORE YELAHANKA APEX,BANGALORE,BANGALORE
206,M02-FORT BRANCH,M10-MUMBAI SAKINAKA APEX,MUMBAI,MUMBAI
207,S27-BALLABHGARH BRANCH,U38-NOIDA SCS APEX,NOIDA,DELHI
208,A50-SANAND BRANCH,A01-AHMEDABAD APEX,AHMEDABAD,AHMEDABAD
209,C36-ELDAMS ROAD BRANCH,C42-GUINDY APEX,GUINDY,CHENNAI
210,P27-PUNE - HADAPSAR ROAD MASTER FRANCHISEE,P01-PUNE APEX,PUNE,PUNE
211,N33-DARYGANJ BRANCH,N05-DELHI SAMALKHA APEX,DELHI,DELHI
212,N09-WAZIRPUR BRANCH,N05-DELHI SAMALKHA APEX,DELHI,DELHI
213,H10-BEGUMPET BRANCH,H13-HYDERABAD SHAMSHABAD APEX,HYDERABAD,HYDERABAD
214,U12-HALDWANI BRANCH,U37-RUDRAPUR SCS APEX,RUDRAPUR,DELHI
215,C47-PALLIKKARANAI MASTER FRANCHISEE,C42-GUINDY APEX,GUINDY,CHENNAI
216,I03-PITHAMPUR SUB BRANCH,I01-INDORE APEX,INDORE,INDORE
217,M82-MIRA ROAD IGSP BRANCH,M10-MUMBAI SAKINAKA APEX,MUMBAI,MUMBAI
218,L05-DHARUHERA BRANCH,L24-BILASPUR APEX,BILASPUR,RAIPUR
219,H80-CHANDANAGAR BRANCH,H13-HYDERABAD SHAMSHABAD APEX,HYDERABAD,HYDERABAD
220,K75-GARIA BRANCH,K16-KOLKATA RAJARHAT APEX,KOLKATA,KOLKATA
221,K39-LAKE VIEW BRANCH,K16-KOLKATA RAJARHAT APEX,KOLKATA,KOLKATA
222,R08-BHILLAI BRANCH,R06-RAIPUR APEX,RAIPUR,RAIPUR
223,V08-GUNTUR BRANCH,V06-VIJAYAWADA APEX,VIJAYAWADA,VIJAYAWADA
224,B44-BANGALORE AIRPORT BRANCH,B10-BANGALORE YELAHANKA APEX,BANGALORE,BANGALORE
225,Q11-BHIWADI BRANCH,L24-BILASPUR APEX,BILASPUR,RAIPUR
226,J37-BAHADURGARH BRANCH,N05-DELHI SAMALKHA APEX,DELHI,DELHI
227,X37-MORAN BRANCH,X21-DIBRUGARH APEX,DIBRUGARH,DIBRUGARH
228,B68-HOSKOTE BRANCH,B10-BANGALORE YELAHANKA APEX,BANGALORE,BANGALORE
229,C15-PARRYS BRANCH,C42-GUINDY APEX,GUINDY,CHENNAI
230,P22-WARJE BRANCH,P01-PUNE APEX,PUNE,PUNE
231,H09-BALANAGAR BRANCH,H13-HYDERABAD SHAMSHABAD APEX,HYDERABAD,HYDERABAD
232,N02-TRANSYAMUNA BRANCH,N05-DELHI SAMALKHA APEX,DELHI,DELHI
233,P73-TALEGAON BRANCH,P01-PUNE APEX,PUNE,PUNE
234,N11-MEERBAGH BRANCH,N05-DELHI SAMALKHA APEX,DELHI,DELHI
235,H79-NAGOLE PRACEL BRANCH,H13-HYDERABAD SHAMSHABAD APEX,HYDERABAD,HYDERABAD
236,B58-DOMLUR BRANCH,B10-BANGALORE YELAHANKA APEX,BANGALORE,BANGALORE
237,A49-HALOL BRANCH,A17-BARODA SCS APEX,BARODA,BARODA
238,N43-TRANSYAMUNA APEX,N05-DELHI SAMALKHA APEX,DELHI,DELHI
239,O14-CHERTHALA BRANCH,O06-COCHIN APEX,COCHIN,COCHIN
240,H74-BOWENPALLY BRANCH,H13-HYDERABAD SHAMSHABAD APEX,HYDERABAD,HYDERABAD
241,U17-RISHIKESH BRANCH,U36-DEHRADUN SCS APEX,DEHRADUN,DEHRADUN
242,X17-TINSUKIA SORTING OFFICE,X21-DIBRUGARH APEX,DIBRUGARH,DIBRUGARH
243,C53-SREEPERUMBADHUR BRANCH,C42-GUINDY APEX,GUINDY,CHENNAI
244,H75-BACHUPALLY NIZAMPET ROAD BRANCH,H13-HYDERABAD SHAMSHABAD APEX,HYDERABAD,HYDERABAD
245,B59-SARAKKI BRANCH,B10-BANGALORE YELAHANKA APEX,BANGALORE,BANGALORE
246,K74-BARASAT BRANCH,K16-KOLKATA RAJARHAT APEX,KOLKATA,KOLKATA
247,L28-NUH RURAL BRANCH,L24-BILASPUR APEX,BILASPUR,RAIPUR
248,K07-TARATALA(GOPALPUR) MASTER FRANCHISEE,K16-KOLKATA RAJARHAT APEX,KOLKATA,KOLKATA
249,U13-MEERUT BRANCH,U11-GHAZIABAD APEX,GHAZIABAD,DELHI
250,N15-DURGAPURI BRANCH,N05-DELHI SAMALKHA APEX,DELHI,DELHI
251,N17-ROHINI BRANCH,N05-DELHI SAMALKHA APEX,DELHI,DELHI
252,U137-UPT DP PROCESSING CENTRE APEX,U11-GHAZIABAD APEX,GHAZIABAD,DELHI
253,K130-BARUIPUR BRANCH,K16-KOLKATA RAJARHAT APEX,KOLKATA,KOLKATA
254,Q40-BHARATPUR BRANCH,U34-AGRA SCS APEX,AGRA,AGRA
255,O88-MUVATTUPUZHA BRANCH,O06-COCHIN APEX,COCHIN,COCHIN
256,A44-ANAND BRANCH,A17-BARODA SCS APEX,BARODA,BARODA
257,H48-ANANDBAGH BRANCH,H13-HYDERABAD SHAMSHABAD APEX,HYDERABAD,HYDERABAD
258,X39-SILAPATHAR SORTING OFFICE,X21-DIBRUGARH APEX,DIBRUGARH,DIBRUGARH
259,U18-HARDWAR BRANCH,U36-DEHRADUN SCS APEX,DEHRADUN,DEHRADUN
260,C73-GUMMIDIPOONDI BRANCH,C42-GUINDY APEX,GUINDY,CHENNAI
261,K32-MECHEDA BRANCH,K95-KOLKATA PAKURIA APEX,KOLKATA,KOLKATA
262,I20-DEWAS BRANCH,I01-INDORE APEX,INDORE,INDORE
263,J18-PATIALA BRANCH,J10-AMBALA APEX,AMBALA,CHANDIGARH
264,B06-BOMMANAHALLI BRANCH,B10-BANGALORE YELAHANKA APEX,BANGALORE,BANGALORE
265,Q43-SHAHPURA (JAIPUR ROAD) NODAL POINT,Q05-JAIPUR APEX,JAIPUR,JAIPUR
266,P57-SHIRWAL BRANCH,P01-PUNE APEX,PUNE,PUNE
267,Q34-BAWAL BRANCH,L14-GURGAON SCS APEX,GURGAON,DELHI
268,U25-MATHURA BRANCH,U34-AGRA SCS APEX,AGRA,AGRA
269,B27-HOSUR BRANCH,B10-BANGALORE YELAHANKA APEX,BANGALORE,BANGALORE
270,H90-MEDCHAL APEX,H13-HYDERABAD SHAMSHABAD APEX,HYDERABAD,HYDERABAD
271,P65-RANJANGAON BRANCH,P01-PUNE APEX,PUNE,PUNE
272,X14-DULIAJANÂ SORTING OFFICE,X21-DIBRUGARH APEX,DIBRUGARH,DIBRUGARH
273,T40-HAZIPUR SORTING OFFICE,T01-PATNA APEX,PATNA,PATNA
274,M46-VASAI BRANCH,M10-MUMBAI SAKINAKA APEX,MUMBAI,MUMBAI
275,E02-TIRUPUR BRANCH,E01-COIMBATORE APEX,COIMBATORE,COIMBATORE
276,J15-KARNAL BRANCH,J10-AMBALA APEX,AMBALA,CHANDIGARH
277,E57-TIRUPUR SCS BRANCH,E01-COIMBATORE APEX,COIMBATORE,COIMBATORE
278,W15-PURI SORTING OFFICE,W53-BHUBANESWAR AIR APEX,BHUBANESWAR,BHUBANESHWAR
279,J50-YAMUNA NAGAR BRANCH,J10-AMBALA APEX,AMBALA,CHANDIGARH
280,U79-JAUNPUR SORTING OFFICE,U04-VARANASI APEX,VARANASI,VARANASI
281,O93-CHALAKUDY BRANCH,O06-COCHIN APEX,COCHIN,COCHIN
282,U14-MORADABAD BRANCH,U35-KASHIPUR SCS APEX,KASHIPUR,DEHRADUN
283,E03-ERODE BRANCH,E04-SALEM APEX,SALEM,TRICHY
284,I40-UJJAIN SORTING OFFICE,I01-INDORE APEX,INDORE,INDORE
285,B61-NERALURU BRANCH,B10-BANGALORE YELAHANKA APEX,BANGALORE,BANGALORE
286,X29-NALBARI BRANCH,X01-DHARAPUR APEX,DHARAPUR,GUWAHATI
287,M63-WADKAL BRANCH,M33-MUMBAI VADPE APEX,MUMBAI,MUMBAI
288,M39-PANVEL BRANCH,M33-MUMBAI VADPE APEX,MUMBAI,MUMBAI
289,O01-ALLEPPEY BRANCH,O06-COCHIN APEX,COCHIN,COCHIN
290,K132-MOYNAGURI HELIX SORTING OFFICE,K66-SILIGURI-MATIGARA APEX,SILIGURI,SILIGURI
291,U145-BULANDSHAHR BRANCH,U38-NOIDA SCS APEX,NOIDA,DELHI
292,A07-ANKLESHWAR BRANCH,A04-SURAT APEX,SURAT,SURAT
293,T38-CHAPRA SORTING OFFICE,T01-PATNA APEX,PATNA,PATNA
294,J39-SOLAN BRANCH,J29-PANCHKULA APEX,PANCHKULA,CHANDIGARH
295,U20-SAHARANPUR BRANCH,U36-DEHRADUN SCS APEX,DEHRADUN,DEHRADUN
296,J04-PANIPAT BRANCH,N05-DELHI SAMALKHA APEX,DELHI,DELHI
297,J25-ROHTAK BRANCH,N05-DELHI SAMALKHA APEX,DELHI,DELHI
298,J19-NANGAL BRANCH,J33-BADDI SCS APEX,BADDI,CHANDIGARH
299,E05-KARUR BRANCH,E04-SALEM APEX,SALEM,TRICHY
300,B118-BLR LOCAL APEX,B10-BANGALORE YELAHANKA APEX,BANGALORE,BANGALORE
301,C57-CHENGALPET BRANCH,C42-GUINDY APEX,GUINDY,CHENNAI
302,U144-RAEBARELI BRANCH,U43-LUCKNOW APEX,LUCKNOW,LUCKNOW
303,A18-MEHSANA BRANCH,A01-AHMEDABAD APEX,AHMEDABAD,AHMEDABAD
304,U22-ROORKEE BRANCH,U36-DEHRADUN SCS APEX,DEHRADUN,DEHRADUN
305,X26-SIVASAGAR BRANCH,X21-DIBRUGARH APEX,DIBRUGARH,DIBRUGARH
306,U15-BAREILLY BRANCH,U37-RUDRAPUR SCS APEX,RUDRAPUR,DELHI
307,V11-VIZIANAGARAM BRANCH,V02-VISHAKAPATNAM APEX,PATNA,PATNA
308,U141-KANNUAJ BRANCH,U40-KANPUR SCS APEX,KANPUR,KANPUR
309,O07-KOTTAYAM BRANCH,O06-COCHIN APEX,COCHIN,COCHIN
310,B43-TUMKUR SORTING OFFICE,B10-BANGALORE YELAHANKA APEX,BANGALORE,BANGALORE
311,C60-SRI CITY BRANCH,C42-GUINDY APEX,GUINDY,CHENNAI
312,K29-DIAMOND HARBOR SORTING OFFICE,K16-KOLKATA RAJARHAT APEX,KOLKATA,KOLKATA
313,U19-MUZAFFARNAGAR BRANCH,U11-GHAZIABAD APEX,GHAZIABAD,DELHI
314,T88-MOHANIA BRANCH,U04-VARANASI APEX,VARANASI,VARANASI
315,T05-MUZAFFARPUR BRANCH,T01-PATNA APEX,PATNA,PATNA
316,B95-MANDYA NODAL POINT,B10-BANGALORE YELAHANKA APEX,BANGALORE,BANGALORE
317,Q18-BEHROR SORTING OFFICE,L24-BILASPUR APEX,BILASPUR,RAIPUR
318,J03-LUDHIANA BRANCH,J29-PANCHKULA APEX,PANCHKULA,CHANDIGARH
319,J53-LUDHIANA ATAM PARK BRANCH,J29-PANCHKULA APEX,PANCHKULA,CHANDIGARH
320,A51-DAHEJ SORTING OFFICE,A17-BARODA SCS APEX,BARODA,BARODA
321,C59-KANCHEEPURAM BRANCH,C42-GUINDY APEX,GUINDY,CHENNAI
322,H42-MAHABUBNAGAR SUPER FRANCHISEE,H13-HYDERABAD SHAMSHABAD APEX,HYDERABAD,HYDERABAD
323,T07-GAYA BRANCH,T01-PATNA APEX,PATNA,PATNA
324,U31-BIJNORE BRANCH,U35-KASHIPUR SCS APEX,KASHIPUR,DEHRADUN
325,W05-JAJPUR ROAD BRANCH,W53-BHUBANESWAR AIR APEX,BHUBANESWAR,BHUBANESHWAR
326,U83-AURAIYA NODAL POINT,U40-KANPUR SCS APEX,KANPUR,KANPUR
327,O04-TRICHUR BRANCH,O06-COCHIN APEX,COCHIN,COCHIN
328,P13-SATARA SUPER FRANCHISEE,P01-PUNE APEX,PUNE,PUNE
329,P32-KARAD SORTING OFFICE,P01-PUNE APEX,PUNE,PUNE
330,U133-AZAMGARH BRANCH,U04-VARANASI APEX,VARANASI,VARANASI
331,O17-CHANGANACHERRY NODAL POINT,O06-COCHIN APEX,COCHIN,COCHIN
332,T34-HAZARIBAGH SUB BRANCH,T02-RANCHI APEX,RANCHI,RANCHI
333,E16-KRISHNAGIRI BRANCH,B10-BANGALORE YELAHANKA APEX,BANGALORE,BANGALORE
334,K89-HALDIA BRANCH,K95-KOLKATA PAKURIA APEX,KOLKATA,KOLKATA
335,Q07-ALWAR BRANCH,L14-GURGAON SCS APEX,GURGAON,DELHI
336,Q44-NEEMRANA BRANCH,L14-GURGAON SCS APEX,GURGAON,DELHI
337,Q16-SIKAR BRANCH,Q05-JAIPUR APEX,JAIPUR,JAIPUR
338,A05-VAPI BRANCH,A04-SURAT APEX,SURAT,SURAT
339,R07-BILASPUR BRANCH,R06-RAIPUR APEX,RAIPUR,RAIPUR
340,U110-ORAI NODAL POINT,U40-KANPUR SCS APEX,KANPUR,KANPUR
341,J17-PHAGWARA BRANCH,J33-BADDI SCS APEX,BADDI,CHANDIGARH
342,J20-BILASPUR SUPER FRANCHISEE,J33-BADDI SCS APEX,BADDI,CHANDIGARH
343,P25-BARAMATI MASTER FRANCHISEE,P01-PUNE APEX,PUNE,PUNE
344,K54-FULIA BRANCH,K16-KOLKATA RAJARHAT APEX,KOLKATA,KOLKATA
345,O11-THIRUVALLA BRANCH,O06-COCHIN APEX,COCHIN,COCHIN
346,K45-BURDWAN BRANCH,K95-KOLKATA PAKURIA APEX,KOLKATA,KOLKATA
347,U16-ALIGARH BRANCH,U34-AGRA SCS APEX,AGRA,AGRA
348,K40-KHARAGPUR BRANCH,K95-KOLKATA PAKURIA APEX,KOLKATA,KOLKATA
349,K114-KALINGPONG HELIX SORTING OFFICE,K66-SILIGURI-MATIGARA APEX,SILIGURI,SILIGURI
350,M57-BOISAR BRANCH,M33-MUMBAI VADPE APEX,MUMBAI,MUMBAI
351,X06-SHILLONG SORTING OFFICE,X01-DHARAPUR APEX,DHARAPUR,GUWAHATI
352,K84-DARJEELING BRANCH,K66-SILIGURI-MATIGARA APEX,SILIGURI,SILIGURI
353,R13-YAVATMAL SUPER FRANCHISEE,R01-NAGPUR AIR APEX,NAGPUR,NAGPUR
354,V10-ONGOLE BRANCH,V06-VIJAYAWADA APEX,VIJAYAWADA,VIJAYAWADA
355,U26-AYODHYA BRANCH,U43-LUCKNOW APEX,LUCKNOW,LUCKNOW
356,K82-RANGPO SUB BRANCH,K66-SILIGURI-MATIGARA APEX,SILIGURI,SILIGURI
357,W14-BHADRAK SORTING OFFICE,W53-BHUBANESWAR AIR APEX,BHUBANESWAR,BHUBANESHWAR
358,T42-BEGUSARAI SORTING OFFICE,T01-PATNA APEX,PATNA,PATNA
359,Q09-AJMER BRANCH,Q05-JAIPUR APEX,JAIPUR,JAIPUR
360,V12-SRIKAKULAM BRANCH,V02-VISHAKAPATNAM APEX,PATNA,PATNA
361,W44-PARADEEP NODAL POINT,W53-BHUBANESWAR AIR APEX,BHUBANESWAR,BHUBANESHWAR
362,U02-PRAYAGRAJ BRANCH,U04-VARANASI APEX,VARANASI,VARANASI
363,H91-KHAMMAM BRANCH,V06-VIJAYAWADA APEX,VIJAYAWADA,VIJAYAWADA
364,I11-CHHINDWARA SORTING OFFICE,R01-NAGPUR AIR APEX,NAGPUR,NAGPUR
365,T03-JAMSHEDPUR BRANCH,T02-RANCHI APEX,RANCHI,RANCHI
366,U78-SULTANPUR BRANCH,U43-LUCKNOW APEX,LUCKNOW,LUCKNOW
367,U95-HARDOI NODAL POINT,U43-LUCKNOW APEX,LUCKNOW,LUCKNOW
368,A45-SURENDRANAGAR BRANCH,A01-AHMEDABAD APEX,AHMEDABAD,AHMEDABAD
369,U45-GONDA BRANCH,U43-LUCKNOW APEX,LUCKNOW,LUCKNOW
370,T85-SAMASTIPUR SORTING OFFICE,T01-PATNA APEX,PATNA,PATNA
371,J02-JALANDHAR BRANCH,J33-BADDI SCS APEX,BADDI,CHANDIGARH
372,U140-LAKHIMPUR MINI BRANCH,U43-LUCKNOW APEX,LUCKNOW,LUCKNOW
373,B02-MYSORE BRANCH,B10-BANGALORE YELAHANKA APEX,BANGALORE,BANGALORE
374,X28-NORTH LAKHIMPUR BRANCH,X21-DIBRUGARH APEX,DIBRUGARH,DIBRUGARH
375,U07-GWALIOR BRANCH,U34-AGRA SCS APEX,AGRA,AGRA
376,H92-SURYAPET BRANCH,H13-HYDERABAD SHAMSHABAD APEX,HYDERABAD,HYDERABAD
377,P74-YEOLA SUPER FRANCHISEE,M33-MUMBAI VADPE APEX,MUMBAI,MUMBAI
378,J14-SHIMLA BRANCH,J29-PANCHKULA APEX,PANCHKULA,CHANDIGARH
379,V57-BHIMAVARAM SUB BRANCH,V06-VIJAYAWADA APEX,VIJAYAWADA,VIJAYAWADA
380,P19-NASIK BRANCH,M33-MUMBAI VADPE APEX,MUMBAI,MUMBAI
381,K03-KRISHNANAGAR BRANCH,K16-KOLKATA RAJARHAT APEX,KOLKATA,KOLKATA
382,I07-RATLAM SORTING OFFICE,I01-INDORE APEX,INDORE,INDORE
383,I39-BETUL BRANCH,R01-NAGPUR AIR APEX,NAGPUR,NAGPUR
384,P08-AHMEDNAGAR SUPER FRANCHISEE,P01-PUNE APEX,PUNE,PUNE
385,V05-RAJAHMUNDRY BRANCH,V06-VIJAYAWADA APEX,VIJAYAWADA,VIJAYAWADA
386,E06-TRICHY BRANCH,E04-SALEM APEX,SALEM,TRICHY
387,T09-BOKARO BRANCH,T02-RANCHI APEX,RANCHI,RANCHI
388,V21-MADANAPALLI SORTING OFFICE,B10-BANGALORE YELAHANKA APEX,BANGALORE,BANGALORE
389,B62-BIDAR SORTING OFFICE,H13-HYDERABAD SHAMSHABAD APEX,HYDERABAD,HYDERABAD
390,W09-ANGUL BRANCH,W53-BHUBANESWAR AIR APEX,BHUBANESWAR,BHUBANESHWAR
391,R02-CHANDRAPUR SUPER FRANCHISE,R01-NAGPUR AIR APEX,NAGPUR,NAGPUR
392,J48-MOGA BRANCH,J29-PANCHKULA APEX,PANCHKULA,CHANDIGARH
393,V15-KAKINADA SUB BRANCH,V02-VISHAKAPATNAM APEX,PATNA,PATNA
394,O03-PALGHAT BRANCH,O06-COCHIN APEX,COCHIN,COCHIN
395,E07-DINDIGUL BRANCH,E01-COIMBATORE APEX,COIMBATORE,COIMBATORE
396,U77-SHAHJAHANPUR SUPER FRANCHISEE,U37-RUDRAPUR SCS APEX,RUDRAPUR,DELHI
397,W04-BERHAMPUR BRANCH,W53-BHUBANESWAR AIR APEX,BHUBANESWAR,BHUBANESHWAR
398,W54-KHALLIKOTE BRANCH,W53-BHUBANESWAR AIR APEX,BHUBANESWAR,BHUBANESHWAR
399,C08-KATPADI BRANCH,C42-GUINDY APEX,GUINDY,CHENNAI
400,K79-COOCHBEHAR BRANCH,K66-SILIGURI-MATIGARA APEX,SILIGURI,SILIGURI
401,B18-HASSAN BRANCH,B10-BANGALORE YELAHANKA APEX,BANGALORE,BANGALORE
402,J07-HISSAR BRANCH,N05-DELHI SAMALKHA APEX,DELHI,DELHI
403,P28-TEMBHURNI SORTING OFFICE,P01-PUNE APEX,PUNE,PUNE
404,X05-TEZPUR BRANCH,X01-DHARAPUR APEX,DHARAPUR,GUWAHATI
405,C02-PONDICHERRY BRANCH,C42-GUINDY APEX,GUINDY,CHENNAI
406,X32-DIMAPUR BRANCH,X21-DIBRUGARH APEX,DIBRUGARH,DIBRUGARH
407,X15-JORHAT SORTING OFFICE,X21-DIBRUGARH APEX,DIBRUGARH,DIBRUGARH
408,C22-VILLUPURAM BRANCH,C42-GUINDY APEX,GUINDY,CHENNAI
409,K27-PURULIA SUB BRANCH,T02-RANCHI APEX,RANCHI,RANCHI
410,T39-GOPALGUNJ SORTING OFFICE,T01-PATNA APEX,PATNA,PATNA
411,O21-ADIMALY BRANCH,O06-COCHIN APEX,COCHIN,COCHIN
412,K14-DURGAPUR BRANCH,K95-KOLKATA PAKURIA APEX,KOLKATA,KOLKATA
413,K136-ANDAL AIR APEX,K95-KOLKATA PAKURIA APEX,KOLKATA,KOLKATA
414,T36-MOTIHARI BRANCH,T01-PATNA APEX,PATNA,PATNA
415,X41-KOLIABOR SORTING OFFICE,X01-DHARAPUR APEX,DHARAPUR,GUWAHATI
416,J08-BHATINDA BRANCH,J10-AMBALA APEX,AMBALA,CHANDIGARH
417,T26-DARBHANGA SORTING OFFICE,T01-PATNA APEX,PATNA,PATNA
418,T18-JAMALPUR SUPER FRANCHISEE,T01-PATNA APEX,PATNA,PATNA
419,X34-BARPETA BRANCH,X01-DHARAPUR APEX,DHARAPUR,GUWAHATI
420,K51-GANGTOK BRANCH,K66-SILIGURI-MATIGARA APEX,SILIGURI,SILIGURI
421,X13-BONGAIGAON SORTING OFFICE,X01-DHARAPUR APEX,DHARAPUR,GUWAHATI
422,V09-NELLORE SUPER FRANCHISEE,C42-GUINDY APEX,GUINDY,CHENNAI
423,X18-GOALPARA BRANCH,X01-DHARAPUR APEX,DHARAPUR,GUWAHATI
424,T13-PURNEA BRANCH,K66-SILIGURI-MATIGARA APEX,SILIGURI,SILIGURI
425,V01-TIRUPATI BRANCH,C42-GUINDY APEX,GUINDY,CHENNAI
426,U44-RENUKOOT SUPER FRANCHISEE,U04-VARANASI APEX,VARANASI,VARANASI
427,V32-CHITTOOR NODAL POINT,C42-GUINDY APEX,GUINDY,CHENNAI
428,V04-KURNOOL BRANCH,H13-HYDERABAD SHAMSHABAD APEX,HYDERABAD,HYDERABAD
429,K104-ALIPURDUAR BRANCH,K66-SILIGURI-MATIGARA APEX,SILIGURI,SILIGURI
430,I02-BHOPAL BRANCH,I01-INDORE APEX,INDORE,INDORE
431,I43-BHOPAL CITY BRANCH,I01-INDORE APEX,INDORE,INDORE
432,I10-BHOPAL T/S APEX,I01-INDORE APEX,INDORE,INDORE
433,X30-DHARMANAGAR BRANCH,X03-AGARTALA APEX,AGARTALA,AGARTALA
434,W06-BALASORE BRANCH,W53-BHUBANESWAR AIR APEX,BHUBANESWAR,BHUBANESHWAR
435,A03-RAJKOT BRANCH,A01-AHMEDABAD APEX,AHMEDABAD,AHMEDABAD
436,U142-BASTI BRANCH,U43-LUCKNOW APEX,LUCKNOW,LUCKNOW
437,K119-PUNJABI MORE BRANCH,K95-KOLKATA PAKURIA APEX,KOLKATA,KOLKATA
438,V24-HINDUPUR BRANCH,B10-BANGALORE YELAHANKA APEX,BANGALORE,BANGALORE
439,V07-ANANTHPUR SUPER FRANCHISEE,B10-BANGALORE YELAHANKA APEX,BANGALORE,BANGALORE
440,R04-AKOLA BRANCH,R01-NAGPUR AIR APEX,NAGPUR,NAGPUR
441,T04-DHANBAD BRANCH,T02-RANCHI APEX,RANCHI,RANCHI
442,J05-AMRITSAR BRANCH,J33-BADDI SCS APEX,BADDI,CHANDIGARH
443,O08-QUILON BRANCH,O06-COCHIN APEX,COCHIN,COCHIN
444,E23-THANJAVUR BRANCH,E04-SALEM APEX,SALEM,TRICHY
445,B13-CHITRADURGA SORTING OFFICE,B10-BANGALORE YELAHANKA APEX,BANGALORE,BANGALORE
446,T16-KATIHAR SORTING OFFICE,K66-SILIGURI-MATIGARA APEX,SILIGURI,SILIGURI
447,Q12-BHILWARA SORTING OFFICE,Q05-JAIPUR APEX,JAIPUR,JAIPUR
448,P71-SHIRDI-NODAL POINT,P01-PUNE APEX,PUNE,PUNE
449,O12-KOTTAKAL BRANCH,O06-COCHIN APEX,COCHIN,COCHIN
450,K22-ASANSOL BRANCH,K95-KOLKATA PAKURIA APEX,KOLKATA,KOLKATA
451,J36-SIRSA BRANCH,J10-AMBALA APEX,AMBALA,CHANDIGARH
452,U24-JHANSI BRANCH,U40-KANPUR SCS APEX,KANPUR,KANPUR
453,W03-ROURKELA BRANCH,T02-RANCHI APEX,RANCHI,RANCHI
454,I41-MANDIDEEP SERVICE CENTER,I01-INDORE APEX,INDORE,INDORE
455,E08-MADURAI APEX,E01-COIMBATORE APEX,COIMBATORE,COIMBATORE
456,B63-RAICHUR SORTING OFFICE,H13-HYDERABAD SHAMSHABAD APEX,HYDERABAD,HYDERABAD
457,P29-PANDHARPUR SORTING OFFICE,P01-PUNE APEX,PUNE,PUNE
458,I16-MANDSAUR SORTING OFFICE,I01-INDORE APEX,INDORE,INDORE
459,K63-BANKURA SUPER FRANCHISE,K95-KOLKATA PAKURIA APEX,KOLKATA,KOLKATA
460,X27-GOLAGHAT BRANCH,X21-DIBRUGARH APEX,DIBRUGARH,DIBRUGARH
461,I19-REWA BRANCH,U04-VARANASI APEX,VARANASI,VARANASI
462,R10-KORBA BRANCH,R06-RAIPUR APEX,RAIPUR,RAIPUR
463,X25-ITANAGAR BRANCH,X21-DIBRUGARH APEX,DIBRUGARH,DIBRUGARH
464,U06-GORAKHPUR BRANCH,U04-VARANASI APEX,VARANASI,VARANASI
465,J11-PATHANKOT BRANCH,J33-BADDI SCS APEX,BADDI,CHANDIGARH
466,Q04-UDAIPUR BRANCH,A01-AHMEDABAD APEX,AHMEDABAD,AHMEDABAD
467,X40-UDAIPUR SORTING OFFICE,A01-AHMEDABAD APEX,AHMEDABAD,AHMEDABAD
468,B64-CHIKMAGALUR BRANCH,B10-BANGALORE YELAHANKA APEX,BANGALORE,BANGALORE
469,B64-CHI AGALUR BRANCH,B10-BANGALORE YELAHANKA APEX,BANGALORE,BANGALORE
470,Q03-KOTA SUPER FRANCHISEE,Q05-JAIPUR APEX,JAIPUR,JAIPUR
471,P11-KOLHAPUR BRANCH,P01-PUNE APEX,PUNE,PUNE
472,P38-DHULE BRANCH,A04-SURAT APEX,SURAT,SURAT
473,B05-GULBARGA SUPER FRANCHISEE,H13-HYDERABAD SHAMSHABAD APEX,HYDERABAD,HYDERABAD
474,I30-SHAHDOL NODAL POINT,R01-NAGPUR AIR APEX,NAGPUR,NAGPUR
475,I08-JABALPUR BRANCH,R01-NAGPUR AIR APEX,NAGPUR,NAGPUR
476,K23-MALDA BRANCH,K66-SILIGURI-MATIGARA APEX,SILIGURI,SILIGURI
477,P10-SANGLI SUPER FRANCHISEE,P01-PUNE APEX,PUNE,PUNE
478,B50-DAVANGERE BRANCH,B10-BANGALORE YELAHANKA APEX,BANGALORE,BANGALORE
479,P21-CHIPLUN BRANCH,P01-PUNE APEX,PUNE,PUNE
480,P62-ICHALKARANJI SORTING OFFICE,P01-PUNE APEX,PUNE,PUNE
481,P06-SOLAPUR BRANCH,P01-PUNE APEX,PUNE,PUNE
482,R19-RAIGARH BRANCH,R06-RAIPUR APEX,RAIPUR,RAIPUR
483,V22-NANDYAL SUB BRANCH,H13-HYDERABAD SHAMSHABAD APEX,HYDERABAD,HYDERABAD
484,T15-SAHARSA SORTING OFFICE,T01-PATNA APEX,PATNA,PATNA
485,E24-THENI BRANCH,O06-COCHIN APEX,COCHIN,COCHIN
486,Q10-PALI BRANCH,Q05-JAIPUR APEX,JAIPUR,JAIPUR
487,W07-SAMBALPUR BRANCH,R06-RAIPUR APEX,RAIPUR,RAIPUR
488,P56-WALUJ BRANCH,P01-PUNE APEX,PUNE,PUNE
489,P09-AURANGABAD BRANCH,P01-PUNE APEX,PUNE,PUNE
490,O05-TRIVANDRUM BRANCH,O06-COCHIN APEX,COCHIN,COCHIN
491,O90-ATTINGAL BRANCH,O06-COCHIN APEX,COCHIN,COCHIN
492,W23-BOLANGIR SORTING OFFICE,R06-RAIPUR APEX,RAIPUR,RAIPUR
493,E20-SIVAKASI BRANCH,E01-COIMBATORE APEX,COIMBATORE,COIMBATORE
494,P17-NANDED SUPER FRANCHISEE,H13-HYDERABAD SHAMSHABAD APEX,HYDERABAD,HYDERABAD
495,O02-CALICUT BRANCH,O06-COCHIN APEX,COCHIN,COCHIN
496,P61-JALNA SORTING OFFICE,M33-MUMBAI VADPE APEX,MUMBAI,MUMBAI
497,V13-CUDDAPAH SUPER FRANCHISEE,B10-BANGALORE YELAHANKA APEX,BANGALORE,BANGALORE
498,W22-JEYPORE SORTING OFFICE,V02-VISHAKAPATNAM APEX,PATNA,PATNA
499,I29-NEEMUCH NODAL POINT,I01-INDORE APEX,INDORE,INDORE
500,W08-RAYAGADA SUB BRANCH,V02-VISHAKAPATNAM APEX,PATNA,PATNA
501,T06-BHAGALPUR BRANCH,T01-PATNA APEX,PATNA,PATNA
502,A33-JAMNAGAR BRANCH,A01-AHMEDABAD APEX,AHMEDABAD,AHMEDABAD
503,P72-BEED BRANCH,H13-HYDERABAD SHAMSHABAD APEX,HYDERABAD,HYDERABAD
504,P16-LATUR BRANCH,H13-HYDERABAD SHAMSHABAD APEX,HYDERABAD,HYDERABAD
505,Q13-SRIGANGANAGAR BRANCH,J10-AMBALA APEX,AMBALA,CHANDIGARH
506,Q02-JODHPUR BRANCH,Q05-JAIPUR APEX,JAIPUR,JAIPUR
507,I44-SATNA SORTING OFFICE,U40-KANPUR SCS APEX,KANPUR,KANPUR
508,O25-KALPETTA BRANCH,E01-COIMBATORE APEX,COIMBATORE,COIMBATORE
509,B47-BELLARY SORTING OFFICE,B10-BANGALORE YELAHANKA APEX,BANGALORE,BANGALORE
510,Q14-BIKANER BRANCH,Q05-JAIPUR APEX,JAIPUR,JAIPUR
511,B38-SHIMOGA SORTING OFFICE,B10-BANGALORE YELAHANKA APEX,BANGALORE,BANGALORE
512,R29-AMBIKAPUR NODAL POINT,T02-RANCHI APEX,RANCHI,RANCHI
513,K85-BOLPUR BRANCH,K16-KOLKATA RAJARHAT APEX,KOLKATA,KOLKATA
514,W12-JHARSUGUDA BRANCH,T02-RANCHI APEX,RANCHI,RANCHI
515,B19-HOSPET SUPER FRANCHISEE,B10-BANGALORE YELAHANKA APEX,BANGALORE,BANGALORE
516,A27-BHAVNAGAR SORTING OFFICE,A04-SURAT APEX,SURAT,SURAT
517,A47-BHUJ SUPER FRANCHISEE,A01-AHMEDABAD APEX,AHMEDABAD,AHMEDABAD
518,O89-THALASSERY BRANCH,E01-COIMBATORE APEX,COIMBATORE,COIMBATORE
519,B42-BIJAPUR SORTING OFFICE,P01-PUNE APEX,PUNE,PUNE
520,P20-JALGAON SUPER FRANCHISEE,I01-INDORE APEX,INDORE,INDORE
521,T86-DUMKA BRANCH,K16-KOLKATA RAJARHAT APEX,KOLKATA,KOLKATA
522,I45-KATNI SORTING OFFICE,U04-VARANASI APEX,VARANASI,VARANASI
523,P60-RATNAGIRI BRANCH,P01-PUNE APEX,PUNE,PUNE
524,P58-PARBHANI BRANCH,H13-HYDERABAD SHAMSHABAD APEX,HYDERABAD,HYDERABAD
525,I34-SAGAR BRANCH,I01-INDORE APEX,INDORE,INDORE
526,T87-GODDA BRANCH,T01-PATNA APEX,PATNA,PATNA
527,O09-CANNANORE BRANCH,E01-COIMBATORE APEX,COIMBATORE,COIMBATORE
528,E11-NAGERCOILBRANCH,O06-COCHIN APEX,COCHIN,COCHIN
529,B16-BELGAUM SUPER FRANCHISEE,P01-PUNE APEX,PUNE,PUNE
530,N37-JAMMU BRANCH,J33-BADDI SCS APEX,BADDI,CHANDIGARH
531,B03-HUBLI BRANCH,B10-BANGALORE YELAHANKA APEX,BANGALORE,BANGALORE
532,E09-TIRUNELVELI BRANCH,O06-COCHIN APEX,COCHIN,COCHIN
533,X02-SILCHAR SORTING OFFICE,X03-AGARTALA APEX,AGARTALA,AGARTALA
534,X19-NAGAON BRANCH,K66-SILIGURI-MATIGARA APEX,SILIGURI,SILIGURI
535,X38-LANKA SORTING OFFICE,K66-SILIGURI-MATIGARA APEX,SILIGURI,SILIGURI
536,X33-JAGIROAD BRANCH,K66-SILIGURI-MATIGARA APEX,SILIGURI,SILIGURI
537,B01-MANGALORE SUPER FRANCHISEE,B10-BANGALORE YELAHANKA APEX,BANGALORE,BANGALORE
538,B39-SIRSI BRANCH OFFICE,B10-BANGALORE YELAHANKA APEX,BANGALORE,BANGALORE
539,R28-KHAMGAON SORTING OFFICE,I01-INDORE APEX,INDORE,INDORE
540,O60-KANHANGAD BRANCH,B10-BANGALORE YELAHANKA APEX,BANGALORE,BANGALORE
541,A16-KUTCH DDLP SUPER FRANCHISE,A01-AHMEDABAD APEX,AHMEDABAD,AHMEDABAD
542,E10-TUTICORIN BRANCH,O06-COCHIN APEX,COCHIN,COCHIN
543,P26-KANKAVALI BRANCH,P01-PUNE APEX,PUNE,PUNE
544,B53-UDUPI NODAL POINT,B10-BANGALORE YELAHANKA APEX,BANGALORE,BANGALORE
545,B32-GOA PANJIM BRANCH,P01-PUNE APEX,PUNE,PUNE
546,B41-BAGALKOT SORTING OFFICE,H13-HYDERABAD SHAMSHABAD APEX,HYDERABAD,HYDERABAD
547,B65-VERNA BRANCH,P01-PUNE APEX,PUNE,PUNE
548,B51-MARGAO BRANCH,P01-PUNE APEX,PUNE,PUNE
549,X07-AIZAWLSORTING OFFICE,X03-AGARTALA APEX,AGARTALA,AGARTALA
550,N38-SRI NAGAR BRANCH,J33-BADDI SCS APEX,BADDI,CHANDIGARH
551,X12-IMPHAL SORTING OFFICE,X21-DIBRUGARH APEX,DIBRUGARH,DIBRUGARH
552,S04-OKHLA BRANCH,S12-OKHLA SCS APEX,OKHLA,DELHI
553,S13-OKHLA APEX,S12-OKHLA SCS APEX,OKHLA,DELHI
554,S17-ASHRAM BRANCH,S12-OKHLA SCS APEX,OKHLA,DELHI
555,S01-KHIRKI BRANCH,S12-OKHLA SCS APEX,OKHLA,DELHI
556,S26-CHATTARPUR BRANCH,S12-OKHLA SCS APEX,OKHLA,DELHI
557,S25-SOUTH DELHI DP PROCESSING CENTER APEX,S12-OKHLA SCS APEX,OKHLA,DELHI
558,S03-MAHIPALPUR BRANCH,S12-OKHLA SCS APEX,OKHLA,DELHI
559,S09-DWARKA BRANCH,S12-OKHLA SCS APEX,OKHLA,DELHI
560,H96-SHAMSHABAD BRANCH,H66-HYDERABAD SCS APEX,HYDERABAD,HYDERABAD
561,H17-WARANGAL SUPER FRANCHISEE,H66-HYDERABAD SCS APEX,HYDERABAD,HYDERABAD
562,H37-KARIMNAGAR SUPER FRANCHISEE,H66-HYDERABAD SCS APEX,HYDERABAD,HYDERABAD
563,H53-NIZAMABAD SUPER FRANCHISEE,H66-HYDERABAD SCS APEX,HYDERABAD,HYDERABAD
564,H98-MANCHERIAL SUPER FRANCHISEE,H66-HYDERABAD SCS APEX,HYDERABAD,HYDERABAD
